instant,dteday,season,yr,mnth,holiday,weekday,workingday,weathersit,temp,atemp,hum,windspeed,casual,registered,cnt,month
1,2011-01-01,Springer,2011,1,0,Saturday,0,Mist,0.344167,0.363625,0.805833,0.160446,331.0,654,985,January
2,2011-01-02,Springer,2011,1,0,Sunday,0,Mist,0.363478,0.353739,0.696087,0.248539,131.0,670,801,January
3,2011-01-03,Springer,2011,1,0,Monday,1,Clear,0.196364,0.189405,0.437273,0.248309,120.0,1229,1349,January
4,2011-01-04,Springer,2011,1,0,Tuesday,1,Clear,0.2,0.212122,0.590435,0.160296,108.0,1454,1562,January
5,2011-01-05,Springer,2011,1,0,Wednesday,1,Clear,0.226957,0.22927,0.436957,0.1869,82.0,1518,1600,January
6,2011-01-06,Springer,2011,1,0,Thursday,1,Clear,0.204348,0.233209,0.518261,0.0895652,88.0,1518,1606,January
7,2011-01-07,Springer,2011,1,0,Friday,1,Mist,0.196522,0.208839,0.498696,0.168726,148.0,1362,1510,January
8,2011-01-08,Springer,2011,1,0,Saturday,0,Mist,0.165,0.162254,0.535833,0.266804,68.0,891,959,January
9,2011-01-09,Springer,2011,1,0,Sunday,0,Clear,0.138333,0.116175,0.434167,0.36195,54.0,768,822,January
10,2011-01-10,Springer,2011,1,0,Monday,1,Clear,0.150833,0.150888,0.482917,0.223267,41.0,1280,1321,January
11,2011-01-11,Springer,2011,1,0,Tuesday,1,Mist,0.169091,0.191464,0.686364,0.122132,43.0,1220,1263,January
12,2011-01-12,Springer,2011,1,0,Wednesday,1,Clear,0.172727,0.160473,0.599545,0.304627,25.0,1137,1162,January
13,2011-01-13,Springer,2011,1,0,Thursday,1,Clear,0.165,0.150883,0.470417,0.301,38.0,1368,1406,January
14,2011-01-14,Springer,2011,1,0,Friday,1,Clear,0.16087,0.188413,0.537826,0.126548,54.0,1367,1421,January
15,2011-01-15,Springer,2011,1,0,Saturday,0,Mist,0.233333,0.248112,0.49875,0.157963,222.0,1026,1248,January
16,2011-01-16,Springer,2011,1,0,Sunday,0,Clear,0.231667,0.234217,0.48375,0.188433,251.0,953,1204,January
17,2011-01-17,Springer,2011,1,1,Monday,0,Mist,0.175833,0.176771,0.5375,0.194017,117.0,883,1000,January
18,2011-01-18,Springer,2011,1,0,Tuesday,1,Mist,0.216667,0.232333,0.861667,0.146775,9.0,674,683,January
19,2011-01-19,Springer,2011,1,0,Wednesday,1,Mist,0.292174,0.298422,0.741739,0.208317,78.0,1572,1650,January
20,2011-01-20,Springer,2011,1,0,Thursday,1,Mist,0.261667,0.25505,0.538333,0.195904,83.0,1844,1927,January
21,2011-01-21,Springer,2011,1,0,Friday,1,Clear,0.1775,0.157833,0.457083,0.353242,75.0,1468,1543,January
22,2011-01-22,Springer,2011,1,0,Saturday,0,Clear,0.0591304,0.0790696,0.4,0.17197,93.0,888,981,January
23,2011-01-23,Springer,2011,1,0,Sunday,0,Clear,0.0965217,0.0988391,0.436522,0.2466,150.0,836,986,January
24,2011-01-24,Springer,2011,1,0,Monday,1,Clear,0.0973913,0.11793,0.491739,0.15833,86.0,1330,1416,January
25,2011-01-25,Springer,2011,1,0,Tuesday,1,Mist,0.223478,0.234526,0.616957,0.129796,186.0,1799,1985,January
26,2011-01-26,Springer,2011,1,0,Wednesday,1,Light Snow,0.2175,0.2036,0.8625,0.29385,34.0,472,506,January
27,2011-01-27,Springer,2011,1,0,Thursday,1,Clear,0.195,0.2197,0.6875,0.113837,15.0,416,431,January
28,2011-01-28,Springer,2011,1,0,Friday,1,Mist,0.203478,0.223317,0.793043,0.1233,38.0,1129,1167,January
29,2011-01-29,Springer,2011,1,0,Saturday,0,Clear,0.196522,0.212126,0.651739,0.145365,123.0,975,1098,January
30,2011-01-30,Springer,2011,1,0,Sunday,0,Clear,0.216522,0.250322,0.722174,0.0739826,140.0,956,1096,January
31,2011-01-31,Springer,2011,1,0,Monday,1,Mist,0.180833,0.18625,0.60375,0.187192,42.0,1459,1501,January
32,2011-02-01,Springer,2011,2,0,Tuesday,1,Mist,0.192174,0.23453,0.829565,0.053213,47.0,1313,1360,February
33,2011-02-02,Springer,2011,2,0,Wednesday,1,Mist,0.26,0.254417,0.775417,0.264308,72.0,1454,1526,February
34,2011-02-03,Springer,2011,2,0,Thursday,1,Clear,0.186957,0.177878,0.437826,0.277752,61.0,1489,1550,February
35,2011-02-04,Springer,2011,2,0,Friday,1,Mist,0.211304,0.228587,0.585217,0.127839,88.0,1620,1708,February
36,2011-02-05,Springer,2011,2,0,Saturday,0,Mist,0.233333,0.243058,0.929167,0.161079,100.0,905,1005,February
37,2011-02-06,Springer,2011,2,0,Sunday,0,Clear,0.285833,0.291671,0.568333,0.1418,354.0,1269,1623,February
38,2011-02-07,Springer,2011,2,0,Monday,1,Clear,0.271667,0.303658,0.738333,0.0454083,120.0,1592,1712,February
39,2011-02-08,Springer,2011,2,0,Tuesday,1,Clear,0.220833,0.198246,0.537917,0.36195,64.0,1466,1530,February
40,2011-02-09,Springer,2011,2,0,Wednesday,1,Mist,0.134783,0.144283,0.494783,0.188839,53.0,1552,1605,February
41,2011-02-10,Springer,2011,2,0,Thursday,1,Clear,0.144348,0.149548,0.437391,0.221935,47.0,1491,1538,February
42,2011-02-11,Springer,2011,2,0,Friday,1,Clear,0.189091,0.213509,0.506364,0.10855,149.0,1597,1746,February
43,2011-02-12,Springer,2011,2,0,Saturday,0,Clear,0.2225,0.232954,0.544167,0.203367,288.0,1184,1472,February
44,2011-02-13,Springer,2011,2,0,Sunday,0,Clear,0.316522,0.324113,0.457391,0.260883,397.0,1192,1589,February
45,2011-02-14,Springer,2011,2,0,Monday,1,Clear,0.415,0.39835,0.375833,0.180975,208.0,1705,1913,February
46,2011-02-15,Springer,2011,2,0,Tuesday,1,Clear,0.266087,0.254274,0.314348,0.291374,140.0,1675,1815,February
47,2011-02-16,Springer,2011,2,0,Wednesday,1,Clear,0.318261,0.3162,0.423478,0.251791,218.0,1897,2115,February
48,2011-02-17,Springer,2011,2,0,Thursday,1,Clear,0.435833,0.428658,0.505,0.230104,259.0,2216,2475,February
49,2011-02-18,Springer,2011,2,0,Friday,1,Clear,0.521667,0.511983,0.516667,0.264925,579.0,2348,2927,February
50,2011-02-19,Springer,2011,2,0,Saturday,0,Clear,0.399167,0.391404,0.626667,0.180975,532.0,1103,1635,February
51,2011-02-20,Springer,2011,2,0,Sunday,0,Clear,0.285217,0.27733,0.407826,0.223235,639.0,1173,1812,February
52,2011-02-21,Springer,2011,2,1,Monday,0,Mist,0.303333,0.284075,0.605,0.307846,195.0,912,1107,February
53,2011-02-22,Springer,2011,2,0,Tuesday,1,Clear,0.182222,0.186033,0.577778,0.195683,74.0,1376,1450,February
54,2011-02-23,Springer,2011,2,0,Wednesday,1,Clear,0.221739,0.245717,0.423043,0.094113,139.0,1778,1917,February
55,2011-02-24,Springer,2011,2,0,Thursday,1,Mist,0.295652,0.289191,0.697391,0.250496,100.0,1707,1807,February
56,2011-02-25,Springer,2011,2,0,Friday,1,Mist,0.364348,0.350461,0.712174,0.346539,120.0,1341,1461,February
57,2011-02-26,Springer,2011,2,0,Saturday,0,Clear,0.2825,0.282192,0.537917,0.186571,424.0,1545,1969,February
58,2011-02-27,Springer,2011,2,0,Sunday,0,Clear,0.343478,0.351109,0.68,0.125248,694.0,1708,2402,February
59,2011-02-28,Springer,2011,2,0,Monday,1,Mist,0.407273,0.400118,0.876364,0.289686,81.0,1365,1446,February
60,2011-03-01,Springer,2011,3,0,Tuesday,1,Clear,0.266667,0.263879,0.535,0.216425,137.0,1714,1851,March
61,2011-03-02,Springer,2011,3,0,Wednesday,1,Clear,0.335,0.320071,0.449583,0.307833,231.0,1903,2134,March
62,2011-03-03,Springer,2011,3,0,Thursday,1,Clear,0.198333,0.200133,0.318333,0.225754,123.0,1562,1685,March
63,2011-03-04,Springer,2011,3,0,Friday,1,Mist,0.261667,0.255679,0.610417,0.203346,214.0,1730,1944,March
64,2011-03-05,Springer,2011,3,0,Saturday,0,Mist,0.384167,0.378779,0.789167,0.251871,640.0,1437,2077,March
65,2011-03-06,Springer,2011,3,0,Sunday,0,Mist,0.376522,0.366252,0.948261,0.343287,114.0,491,605,March
66,2011-03-07,Springer,2011,3,0,Monday,1,Clear,0.261739,0.238461,0.551304,0.341352,244.0,1628,1872,March
67,2011-03-08,Springer,2011,3,0,Tuesday,1,Clear,0.2925,0.3024,0.420833,0.12065,316.0,1817,2133,March
68,2011-03-09,Springer,2011,3,0,Wednesday,1,Mist,0.295833,0.286608,0.775417,0.22015,191.0,1700,1891,March
69,2011-03-10,Springer,2011,3,0,Thursday,1,Light Snow,0.389091,0.385668,0.626667,0.261877,46.0,577,623,March
70,2011-03-11,Springer,2011,3,0,Friday,1,Mist,0.316522,0.305,0.649565,0.23297,247.0,1730,1977,March
71,2011-03-12,Springer,2011,3,0,Saturday,0,Clear,0.329167,0.32575,0.594583,0.220775,724.0,1408,2132,March
72,2011-03-13,Springer,2011,3,0,Sunday,0,Clear,0.384348,0.380091,0.527391,0.270604,982.0,1435,2417,March
73,2011-03-14,Springer,2011,3,0,Monday,1,Clear,0.325217,0.332,0.496957,0.136926,359.0,1687,2046,March
74,2011-03-15,Springer,2011,3,0,Tuesday,1,Mist,0.317391,0.318178,0.655652,0.184309,289.0,1767,2056,March
75,2011-03-16,Springer,2011,3,0,Wednesday,1,Mist,0.365217,0.36693,0.776522,0.203117,321.0,1871,2192,March
76,2011-03-17,Springer,2011,3,0,Thursday,1,Clear,0.415,0.410333,0.602917,0.209579,424.0,2320,2744,March
77,2011-03-18,Springer,2011,3,0,Friday,1,Clear,0.54,0.527009,0.525217,0.231017,884.0,2355,3239,March
78,2011-03-19,Springer,2011,3,0,Saturday,0,Clear,0.4725,0.466525,0.379167,0.368167,1424.0,1693,3117,March
79,2011-03-20,Springer,2011,3,0,Sunday,0,Clear,0.3325,0.32575,0.47375,0.207721,1047.0,1424,2471,March
80,2011-03-21,Summer,2011,3,0,Monday,1,Mist,0.430435,0.409735,0.737391,0.288783,401.0,1676,2077,March
81,2011-03-22,Summer,2011,3,0,Tuesday,1,Clear,0.441667,0.440642,0.624583,0.22575,460.0,2243,2703,March
82,2011-03-23,Summer,2011,3,0,Wednesday,1,Mist,0.346957,0.337939,0.839565,0.234261,203.0,1918,2121,March
83,2011-03-24,Summer,2011,3,0,Thursday,1,Mist,0.285,0.270833,0.805833,0.243787,166.0,1699,1865,March
84,2011-03-25,Summer,2011,3,0,Friday,1,Clear,0.264167,0.256312,0.495,0.230725,300.0,1910,2210,March
85,2011-03-26,Summer,2011,3,0,Saturday,0,Clear,0.265833,0.257571,0.394167,0.209571,981.0,1515,2496,March
86,2011-03-27,Summer,2011,3,0,Sunday,0,Mist,0.253043,0.250339,0.493913,0.1843,472.0,1221,1693,March
87,2011-03-28,Summer,2011,3,0,Monday,1,Clear,0.264348,0.257574,0.302174,0.212204,222.0,1806,2028,March
88,2011-03-29,Summer,2011,3,0,Tuesday,1,Clear,0.3025,0.292908,0.314167,0.226996,317.0,2108,2425,March
89,2011-03-30,Summer,2011,3,0,Wednesday,1,Mist,0.3,0.29735,0.646667,0.172888,168.0,1368,1536,March
90,2011-03-31,Summer,2011,3,0,Thursday,1,Light Snow,0.268333,0.257575,0.918333,0.217646,179.0,1506,1685,March
91,2011-04-01,Summer,2011,4,0,Friday,1,Mist,0.3,0.283454,0.68625,0.258708,307.0,1920,2227,April
92,2011-04-02,Summer,2011,4,0,Saturday,0,Mist,0.315,0.315637,0.65375,0.197146,898.0,1354,2252,April
93,2011-04-03,Summer,2011,4,0,Sunday,0,Clear,0.378333,0.378767,0.48,0.182213,1651.0,1598,3249,April
94,2011-04-04,Summer,2011,4,0,Monday,1,Clear,0.573333,0.542929,0.42625,0.180975,734.0,2381,3115,April
95,2011-04-05,Summer,2011,4,0,Tuesday,1,Mist,0.414167,0.39835,0.642083,0.180975,167.0,1628,1795,April
96,2011-04-06,Summer,2011,4,0,Wednesday,1,Clear,0.390833,0.387608,0.470833,0.263063,413.0,2395,2808,April
97,2011-04-07,Summer,2011,4,0,Thursday,1,Clear,0.4375,0.433696,0.602917,0.162312,571.0,2570,3141,April
98,2011-04-08,Summer,2011,4,0,Friday,1,Mist,0.335833,0.324479,0.83625,0.226992,172.0,1299,1471,April
99,2011-04-09,Summer,2011,4,0,Saturday,0,Mist,0.3425,0.341529,0.8775,0.133083,879.0,1576,2455,April
100,2011-04-10,Summer,2011,4,0,Sunday,0,Mist,0.426667,0.426737,0.8575,0.146767,1188.0,1707,2895,April
101,2011-04-11,Summer,2011,4,0,Monday,1,Mist,0.595652,0.565217,0.716956,0.324474,855.0,2493,3348,April
102,2011-04-12,Summer,2011,4,0,Tuesday,1,Mist,0.5025,0.493054,0.739167,0.274879,257.0,1777,2034,April
103,2011-04-13,Summer,2011,4,0,Wednesday,1,Mist,0.4125,0.417283,0.819167,0.250617,209.0,1953,2162,April
104,2011-04-14,Summer,2011,4,0,Thursday,1,Clear,0.4675,0.462742,0.540417,0.1107,529.0,2738,3267,April
105,2011-04-15,Summer,2011,4,1,Friday,0,Clear,0.446667,0.441913,0.67125,0.226375,642.0,2484,3126,April
106,2011-04-16,Summer,2011,4,0,Saturday,0,Light Snow,0.430833,0.425492,0.888333,0.340808,121.0,674,795,April
107,2011-04-17,Summer,2011,4,0,Sunday,0,Clear,0.456667,0.445696,0.479583,0.303496,1558.0,2186,3744,April
108,2011-04-18,Summer,2011,4,0,Monday,1,Clear,0.5125,0.503146,0.5425,0.163567,669.0,2760,3429,April
109,2011-04-19,Summer,2011,4,0,Tuesday,1,Mist,0.505833,0.489258,0.665833,0.157971,409.0,2795,3204,April
110,2011-04-20,Summer,2011,4,0,Wednesday,1,Clear,0.595,0.564392,0.614167,0.241925,613.0,3331,3944,April
111,2011-04-21,Summer,2011,4,0,Thursday,1,Clear,0.459167,0.453892,0.407083,0.325258,745.0,3444,4189,April
112,2011-04-22,Summer,2011,4,0,Friday,1,Mist,0.336667,0.321954,0.729583,0.219521,177.0,1506,1683,April
113,2011-04-23,Summer,2011,4,0,Saturday,0,Mist,0.46,0.450121,0.887917,0.230725,1462.0,2574,4036,April
114,2011-04-24,Summer,2011,4,0,Sunday,0,Mist,0.581667,0.551763,0.810833,0.192175,1710.0,2481,4191,April
115,2011-04-25,Summer,2011,4,0,Monday,1,Clear,0.606667,0.5745,0.776667,0.185333,773.0,3300,4073,April
116,2011-04-26,Summer,2011,4,0,Tuesday,1,Clear,0.631667,0.594083,0.729167,0.3265,678.0,3722,4400,April
117,2011-04-27,Summer,2011,4,0,Wednesday,1,Mist,0.62,0.575142,0.835417,0.3122,547.0,3325,3872,April
118,2011-04-28,Summer,2011,4,0,Thursday,1,Mist,0.6175,0.578929,0.700833,0.320908,569.0,3489,4058,April
119,2011-04-29,Summer,2011,4,0,Friday,1,Clear,0.51,0.497463,0.457083,0.240063,878.0,3717,4595,April
120,2011-04-30,Summer,2011,4,0,Saturday,0,Clear,0.4725,0.464021,0.503333,0.235075,1965.0,3347,5312,April
121,2011-05-01,Summer,2011,5,0,Sunday,0,Mist,0.451667,0.448204,0.762083,0.106354,1138.0,2213,3351,May
122,2011-05-02,Summer,2011,5,0,Monday,1,Mist,0.549167,0.532833,0.73,0.183454,847.0,3554,4401,May
123,2011-05-03,Summer,2011,5,0,Tuesday,1,Mist,0.616667,0.582079,0.697083,0.342667,603.0,3848,4451,May
124,2011-05-04,Summer,2011,5,0,Wednesday,1,Mist,0.414167,0.40465,0.737083,0.328996,255.0,2378,2633,May
125,2011-05-05,Summer,2011,5,0,Thursday,1,Clear,0.459167,0.441917,0.444167,0.295392,614.0,3819,4433,May
126,2011-05-06,Summer,2011,5,0,Friday,1,Clear,0.479167,0.474117,0.59,0.228246,894.0,3714,4608,May
127,2011-05-07,Summer,2011,5,0,Saturday,0,Clear,0.52,0.512621,0.54125,0.16045,1612.0,3102,4714,May
128,2011-05-08,Summer,2011,5,0,Sunday,0,Clear,0.528333,0.518933,0.631667,0.0746375,1401.0,2932,4333,May
129,2011-05-09,Summer,2011,5,0,Monday,1,Clear,0.5325,0.525246,0.58875,0.176,664.0,3698,4362,May
130,2011-05-10,Summer,2011,5,0,Tuesday,1,Clear,0.5325,0.522721,0.489167,0.115671,694.0,4109,4803,May
131,2011-05-11,Summer,2011,5,0,Wednesday,1,Clear,0.5425,0.5284,0.632917,0.120642,550.0,3632,4182,May
132,2011-05-12,Summer,2011,5,0,Thursday,1,Clear,0.535,0.523363,0.7475,0.189667,695.0,4169,4864,May
133,2011-05-13,Summer,2011,5,0,Friday,1,Mist,0.5125,0.4943,0.863333,0.179725,692.0,3413,4105,May
134,2011-05-14,Summer,2011,5,0,Saturday,0,Mist,0.520833,0.500629,0.9225,0.13495,902.0,2507,3409,May
135,2011-05-15,Summer,2011,5,0,Sunday,0,Mist,0.5625,0.536,0.867083,0.152979,1582.0,2971,4553,May
136,2011-05-16,Summer,2011,5,0,Monday,1,Clear,0.5775,0.550512,0.787917,0.126871,773.0,3185,3958,May
137,2011-05-17,Summer,2011,5,0,Tuesday,1,Mist,0.561667,0.538529,0.837917,0.277354,678.0,3445,4123,May
138,2011-05-18,Summer,2011,5,0,Wednesday,1,Mist,0.55,0.527158,0.87,0.201492,536.0,3319,3855,May
139,2011-05-19,Summer,2011,5,0,Thursday,1,Mist,0.530833,0.510742,0.829583,0.108213,735.0,3840,4575,May
140,2011-05-20,Summer,2011,5,0,Friday,1,Clear,0.536667,0.529042,0.719583,0.125013,909.0,4008,4917,May
141,2011-05-21,Summer,2011,5,0,Saturday,0,Clear,0.6025,0.571975,0.626667,0.12065,2258.0,3547,5805,May
142,2011-05-22,Summer,2011,5,0,Sunday,0,Clear,0.604167,0.5745,0.749583,0.148008,1576.0,3084,4660,May
143,2011-05-23,Summer,2011,5,0,Monday,1,Mist,0.631667,0.590296,0.81,0.233842,836.0,3438,4274,May
144,2011-05-24,Summer,2011,5,0,Tuesday,1,Mist,0.66,0.604813,0.740833,0.207092,659.0,3833,4492,May
145,2011-05-25,Summer,2011,5,0,Wednesday,1,Clear,0.660833,0.615542,0.69625,0.154233,740.0,4238,4978,May
146,2011-05-26,Summer,2011,5,0,Thursday,1,Clear,0.708333,0.654688,0.6775,0.199642,758.0,3919,4677,May
147,2011-05-27,Summer,2011,5,0,Friday,1,Clear,0.681667,0.637008,0.65375,0.240679,871.0,3808,4679,May
148,2011-05-28,Summer,2011,5,0,Saturday,0,Clear,0.655833,0.612379,0.729583,0.230092,2001.0,2757,4758,May
149,2011-05-29,Summer,2011,5,0,Sunday,0,Clear,0.6675,0.61555,0.81875,0.213938,713.0,2433,4788,May
150,2011-05-30,Summer,2011,5,1,Monday,0,Clear,0.733333,0.671092,0.685,0.131225,1549.0,2549,4098,May
151,2011-05-31,Summer,2011,5,0,Tuesday,1,Clear,0.775,0.725383,0.636667,0.111329,673.0,3309,3982,May
152,2011-06-01,Summer,2011,6,0,Wednesday,1,Mist,0.764167,0.720967,0.677083,0.207092,513.0,3461,3974,June
153,2011-06-02,Summer,2011,6,0,Thursday,1,Clear,0.715,0.643942,0.305,0.292287,736.0,4232,4968,June
154,2011-06-03,Summer,2011,6,0,Friday,1,Clear,0.62,0.587133,0.354167,0.253121,898.0,4414,5312,June
155,2011-06-04,Summer,2011,6,0,Saturday,0,Clear,0.635,0.594696,0.45625,0.123142,1869.0,3473,5342,June
156,2011-06-05,Summer,2011,6,0,Sunday,0,Mist,0.648333,0.616804,0.6525,0.138692,1685.0,3221,4906,June
157,2011-06-06,Summer,2011,6,0,Monday,1,Clear,0.678333,0.621858,0.6,0.121896,673.0,3875,4548,June
158,2011-06-07,Summer,2011,6,0,Tuesday,1,Clear,0.7075,0.65595,0.597917,0.187808,763.0,4070,4833,June
159,2011-06-08,Summer,2011,6,0,Wednesday,1,Clear,0.775833,0.727279,0.622083,0.136817,676.0,3725,4401,June
160,2011-06-09,Summer,2011,6,0,Thursday,1,Mist,0.808333,0.757579,0.568333,0.149883,563.0,3352,3915,June
161,2011-06-10,Summer,2011,6,0,Friday,1,Clear,0.755,0.703292,0.605,0.140554,815.0,3771,4586,June
162,2011-06-11,Summer,2011,6,0,Saturday,0,Clear,0.725,0.678038,0.654583,0.15485,1729.0,3237,4966,June
163,2011-06-12,Summer,2011,6,0,Sunday,0,Clear,0.6925,0.643325,0.747917,0.163567,1467.0,2993,4460,June
164,2011-06-13,Summer,2011,6,0,Monday,1,Clear,0.635,0.601654,0.494583,0.30535,863.0,4157,5020,June
165,2011-06-14,Summer,2011,6,0,Tuesday,1,Clear,0.604167,0.591546,0.507083,0.269283,727.0,4164,4891,June
166,2011-06-15,Summer,2011,6,0,Wednesday,1,Clear,0.626667,0.587754,0.471667,0.167912,769.0,4411,5180,June
167,2011-06-16,Summer,2011,6,0,Thursday,1,Mist,0.628333,0.595346,0.688333,0.206471,545.0,3222,3767,June
168,2011-06-17,Summer,2011,6,0,Friday,1,Clear,0.649167,0.600383,0.735833,0.143029,863.0,3981,4844,June
169,2011-06-18,Summer,2011,6,0,Saturday,0,Clear,0.696667,0.643954,0.670417,0.119408,1807.0,3312,5119,June
170,2011-06-19,Summer,2011,6,0,Sunday,0,Mist,0.699167,0.645846,0.666667,0.102,1639.0,3105,4744,June
171,2011-06-20,Summer,2011,6,0,Monday,1,Mist,0.635,0.595346,0.74625,0.155475,699.0,3311,4010,June
172,2011-06-21,Fall,2011,6,0,Tuesday,1,Mist,0.680833,0.637646,0.770417,0.171025,774.0,4061,4835,June
173,2011-06-22,Fall,2011,6,0,Wednesday,1,Clear,0.733333,0.693829,0.7075,0.172262,661.0,3846,4507,June
174,2011-06-23,Fall,2011,6,0,Thursday,1,Mist,0.728333,0.693833,0.703333,0.238804,746.0,4044,4790,June
175,2011-06-24,Fall,2011,6,0,Friday,1,Clear,0.724167,0.656583,0.573333,0.222025,969.0,4022,4991,June
176,2011-06-25,Fall,2011,6,0,Saturday,0,Clear,0.695,0.643313,0.483333,0.209571,1782.0,3420,5202,June
177,2011-06-26,Fall,2011,6,0,Sunday,0,Clear,0.68,0.637629,0.513333,0.0945333,1920.0,3385,5305,June
178,2011-06-27,Fall,2011,6,0,Monday,1,Mist,0.6825,0.637004,0.658333,0.107588,854.0,3854,4708,June
179,2011-06-28,Fall,2011,6,0,Tuesday,1,Clear,0.744167,0.692558,0.634167,0.144283,732.0,3916,4648,June
180,2011-06-29,Fall,2011,6,0,Wednesday,1,Clear,0.728333,0.654688,0.497917,0.261821,848.0,4377,5225,June
181,2011-06-30,Fall,2011,6,0,Thursday,1,Clear,0.696667,0.637008,0.434167,0.185312,1027.0,4488,5515,June
182,2011-07-01,Fall,2011,7,0,Friday,1,Clear,0.7225,0.652162,0.39625,0.102608,1246.0,4116,5362,July
183,2011-07-02,Fall,2011,7,0,Saturday,0,Clear,0.738333,0.667308,0.444583,0.115062,2204.0,2915,5119,July
184,2011-07-03,Fall,2011,7,0,Sunday,0,Mist,0.716667,0.668575,0.6825,0.228858,713.0,2367,4649,July
185,2011-07-04,Fall,2011,7,1,Monday,0,Mist,0.726667,0.665417,0.637917,0.0814792,713.0,2978,6043,July
186,2011-07-05,Fall,2011,7,0,Tuesday,1,Clear,0.746667,0.696338,0.590417,0.126258,1031.0,3634,4665,July
187,2011-07-06,Fall,2011,7,0,Wednesday,1,Clear,0.72,0.685633,0.743333,0.149883,784.0,3845,4629,July
188,2011-07-07,Fall,2011,7,0,Thursday,1,Clear,0.75,0.686871,0.65125,0.1592,754.0,3838,4592,July
189,2011-07-08,Fall,2011,7,0,Friday,1,Mist,0.709167,0.670483,0.757917,0.225129,692.0,3348,4040,July
190,2011-07-09,Fall,2011,7,0,Saturday,0,Clear,0.733333,0.664158,0.609167,0.167912,1988.0,3348,5336,July
191,2011-07-10,Fall,2011,7,0,Sunday,0,Clear,0.7475,0.690025,0.578333,0.183471,1743.0,3138,4881,July
192,2011-07-11,Fall,2011,7,0,Monday,1,Clear,0.7625,0.729804,0.635833,0.282337,723.0,3363,4086,July
193,2011-07-12,Fall,2011,7,0,Tuesday,1,Clear,0.794167,0.739275,0.559167,0.200254,662.0,3596,4258,July
194,2011-07-13,Fall,2011,7,0,Wednesday,1,Clear,0.746667,0.689404,0.631667,0.146133,748.0,3594,4342,July
195,2011-07-14,Fall,2011,7,0,Thursday,1,Clear,0.680833,0.635104,0.47625,0.240667,888.0,4196,5084,July
196,2011-07-15,Fall,2011,7,0,Friday,1,Clear,0.663333,0.624371,0.59125,0.182833,1318.0,4220,5538,July
197,2011-07-16,Fall,2011,7,0,Saturday,0,Clear,0.686667,0.638263,0.585,0.208342,713.0,3505,5923,July
198,2011-07-17,Fall,2011,7,0,Sunday,0,Clear,0.719167,0.669833,0.604167,0.245033,2006.0,3296,5302,July
199,2011-07-18,Fall,2011,7,0,Monday,1,Clear,0.746667,0.703925,0.65125,0.215804,841.0,3617,4458,July
200,2011-07-19,Fall,2011,7,0,Tuesday,1,Clear,0.776667,0.747479,0.650417,0.1306,752.0,3789,4541,July
201,2011-07-20,Fall,2011,7,0,Wednesday,1,Clear,0.768333,0.74685,0.707083,0.113817,644.0,3688,4332,July
202,2011-07-21,Fall,2011,7,0,Thursday,1,Mist,0.815,0.826371,0.69125,0.222021,632.0,3152,3784,July
203,2011-07-22,Fall,2011,7,0,Friday,1,Clear,0.848333,0.840896,0.580417,0.1331,562.0,2825,3387,July
204,2011-07-23,Fall,2011,7,0,Saturday,0,Clear,0.849167,0.804287,0.5,0.131221,987.0,2298,3285,July
205,2011-07-24,Fall,2011,7,0,Sunday,0,Clear,0.83,0.794829,0.550833,0.169171,1050.0,2556,3606,July
206,2011-07-25,Fall,2011,7,0,Monday,1,Clear,0.743333,0.720958,0.757083,0.0908083,568.0,3272,3840,July
207,2011-07-26,Fall,2011,7,0,Tuesday,1,Clear,0.771667,0.696979,0.540833,0.200258,750.0,3840,4590,July
208,2011-07-27,Fall,2011,7,0,Wednesday,1,Clear,0.775,0.690667,0.402917,0.183463,755.0,3901,4656,July
209,2011-07-28,Fall,2011,7,0,Thursday,1,Clear,0.779167,0.7399,0.583333,0.178479,606.0,3784,4390,July
210,2011-07-29,Fall,2011,7,0,Friday,1,Clear,0.838333,0.785967,0.5425,0.174138,670.0,3176,3846,July
211,2011-07-30,Fall,2011,7,0,Saturday,0,Clear,0.804167,0.728537,0.465833,0.168537,1559.0,2916,4475,July
212,2011-07-31,Fall,2011,7,0,Sunday,0,Clear,0.805833,0.729796,0.480833,0.164813,1524.0,2778,4302,July
213,2011-08-01,Fall,2011,8,0,Monday,1,Clear,0.771667,0.703292,0.550833,0.156717,729.0,3537,4266,August
214,2011-08-02,Fall,2011,8,0,Tuesday,1,Clear,0.783333,0.707071,0.49125,0.20585,801.0,4044,4845,August
215,2011-08-03,Fall,2011,8,0,Wednesday,1,Mist,0.731667,0.679937,0.6575,0.135583,467.0,3107,3574,August
216,2011-08-04,Fall,2011,8,0,Thursday,1,Mist,0.71,0.664788,0.7575,0.19715,799.0,3777,4576,August
217,2011-08-05,Fall,2011,8,0,Friday,1,Clear,0.710833,0.656567,0.630833,0.184696,1023.0,3843,4866,August
218,2011-08-06,Fall,2011,8,0,Saturday,0,Mist,0.716667,0.676154,0.755,0.22825,1521.0,2773,4294,August
219,2011-08-07,Fall,2011,8,0,Sunday,0,Clear,0.7425,0.715292,0.752917,0.201487,1298.0,2487,3785,August
220,2011-08-08,Fall,2011,8,0,Monday,1,Clear,0.765,0.703283,0.592083,0.192175,846.0,3480,4326,August
221,2011-08-09,Fall,2011,8,0,Tuesday,1,Clear,0.775,0.724121,0.570417,0.151121,907.0,3695,4602,August
222,2011-08-10,Fall,2011,8,0,Wednesday,1,Clear,0.766667,0.684983,0.424167,0.200258,884.0,3896,4780,August
223,2011-08-11,Fall,2011,8,0,Thursday,1,Clear,0.7175,0.651521,0.42375,0.164796,812.0,3980,4792,August
224,2011-08-12,Fall,2011,8,0,Friday,1,Clear,0.708333,0.654042,0.415,0.125621,1051.0,3854,4905,August
225,2011-08-13,Fall,2011,8,0,Saturday,0,Mist,0.685833,0.645858,0.729583,0.211454,1504.0,2646,4150,August
226,2011-08-14,Fall,2011,8,0,Sunday,0,Mist,0.676667,0.624388,0.8175,0.222633,1338.0,2482,3820,August
227,2011-08-15,Fall,2011,8,0,Monday,1,Clear,0.665833,0.616167,0.712083,0.208954,775.0,3563,4338,August
228,2011-08-16,Fall,2011,8,0,Tuesday,1,Clear,0.700833,0.645837,0.578333,0.236329,721.0,4004,4725,August
229,2011-08-17,Fall,2011,8,0,Wednesday,1,Clear,0.723333,0.666671,0.575417,0.143667,668.0,4026,4694,August
230,2011-08-18,Fall,2011,8,0,Thursday,1,Clear,0.711667,0.662258,0.654583,0.233208,639.0,3166,3805,August
231,2011-08-19,Fall,2011,8,0,Friday,1,Mist,0.685,0.633221,0.722917,0.139308,797.0,3356,4153,August
232,2011-08-20,Fall,2011,8,0,Saturday,0,Clear,0.6975,0.648996,0.674167,0.104467,1914.0,3277,5191,August
233,2011-08-21,Fall,2011,8,0,Sunday,0,Clear,0.710833,0.675525,0.77,0.248754,1249.0,2624,3873,August
234,2011-08-22,Fall,2011,8,0,Monday,1,Clear,0.691667,0.638254,0.47,0.27675,833.0,3925,4758,August
235,2011-08-23,Fall,2011,8,0,Tuesday,1,Clear,0.640833,0.606067,0.455417,0.146763,1281.0,4614,5895,August
236,2011-08-24,Fall,2011,8,0,Wednesday,1,Clear,0.673333,0.630692,0.605,0.253108,949.0,4181,5130,August
237,2011-08-25,Fall,2011,8,0,Thursday,1,Mist,0.684167,0.645854,0.771667,0.210833,435.0,3107,3542,August
238,2011-08-26,Fall,2011,8,0,Friday,1,Clear,0.7,0.659733,0.76125,0.0839625,768.0,3893,4661,August
239,2011-08-27,Fall,2011,8,0,Saturday,0,Mist,0.68,0.635556,0.85,0.375617,226.0,889,1115,August
240,2011-08-28,Fall,2011,8,0,Sunday,0,Clear,0.707059,0.647959,0.561765,0.304659,1415.0,2919,4334,August
241,2011-08-29,Fall,2011,8,0,Monday,1,Clear,0.636667,0.607958,0.554583,0.159825,729.0,3905,4634,August
242,2011-08-30,Fall,2011,8,0,Tuesday,1,Clear,0.639167,0.594704,0.548333,0.125008,775.0,4429,5204,August
243,2011-08-31,Fall,2011,8,0,Wednesday,1,Clear,0.656667,0.611121,0.597917,0.0833333,688.0,4370,5058,August
244,2011-09-01,Fall,2011,9,0,Thursday,1,Clear,0.655,0.614921,0.639167,0.141796,783.0,4332,5115,September
245,2011-09-02,Fall,2011,9,0,Friday,1,Mist,0.643333,0.604808,0.727083,0.139929,875.0,3852,4727,September
246,2011-09-03,Fall,2011,9,0,Saturday,0,Clear,0.669167,0.633213,0.716667,0.185325,1935.0,2549,4484,September
247,2011-09-04,Fall,2011,9,0,Sunday,0,Clear,0.709167,0.665429,0.742083,0.206467,713.0,2419,4940,September
248,2011-09-05,Fall,2011,9,1,Monday,0,Mist,0.673333,0.625646,0.790417,0.212696,1236.0,2115,3351,September
249,2011-09-06,Fall,2011,9,0,Tuesday,1,Light Snow,0.54,0.5152,0.886957,0.343943,204.0,2506,2710,September
250,2011-09-07,Fall,2011,9,0,Wednesday,1,Light Snow,0.599167,0.544229,0.917083,0.0970208,118.0,1878,1996,September
251,2011-09-08,Fall,2011,9,0,Thursday,1,Light Snow,0.633913,0.555361,0.939565,0.192748,153.0,1689,1842,September
252,2011-09-09,Fall,2011,9,0,Friday,1,Mist,0.65,0.578946,0.897917,0.124379,417.0,3127,3544,September
253,2011-09-10,Fall,2011,9,0,Saturday,0,Clear,0.66,0.607962,0.75375,0.153608,1750.0,3595,5345,September
254,2011-09-11,Fall,2011,9,0,Sunday,0,Clear,0.653333,0.609229,0.71375,0.115054,1633.0,3413,5046,September
255,2011-09-12,Fall,2011,9,0,Monday,1,Clear,0.644348,0.60213,0.692174,0.088913,690.0,4023,4713,September
256,2011-09-13,Fall,2011,9,0,Tuesday,1,Clear,0.650833,0.603554,0.7125,0.141804,701.0,4062,4763,September
257,2011-09-14,Fall,2011,9,0,Wednesday,1,Clear,0.673333,0.6269,0.697083,0.1673,647.0,4138,4785,September
258,2011-09-15,Fall,2011,9,0,Thursday,1,Mist,0.5775,0.553671,0.709167,0.271146,428.0,3231,3659,September
259,2011-09-16,Fall,2011,9,0,Friday,1,Mist,0.469167,0.461475,0.590417,0.164183,742.0,4018,4760,September
260,2011-09-17,Fall,2011,9,0,Saturday,0,Mist,0.491667,0.478512,0.718333,0.189675,1434.0,3077,4511,September
261,2011-09-18,Fall,2011,9,0,Sunday,0,Clear,0.5075,0.490537,0.695,0.178483,1353.0,2921,4274,September
262,2011-09-19,Fall,2011,9,0,Monday,1,Mist,0.549167,0.529675,0.69,0.151742,691.0,3848,4539,September
263,2011-09-20,Fall,2011,9,0,Tuesday,1,Mist,0.561667,0.532217,0.88125,0.134954,438.0,3203,3641,September
264,2011-09-21,Fall,2011,9,0,Wednesday,1,Mist,0.595,0.550533,0.9,0.0964042,539.0,3813,4352,September
265,2011-09-22,Fall,2011,9,0,Thursday,1,Mist,0.628333,0.554963,0.902083,0.128125,555.0,4240,4795,September
266,2011-09-23,Winter,2011,9,0,Friday,1,Mist,0.609167,0.522125,0.9725,0.0783667,258.0,2137,2395,September
267,2011-09-24,Winter,2011,9,0,Saturday,0,Mist,0.606667,0.564412,0.8625,0.0783833,1776.0,3647,5423,September
268,2011-09-25,Winter,2011,9,0,Sunday,0,Mist,0.634167,0.572637,0.845,0.0503792,1544.0,3466,5010,September
269,2011-09-26,Winter,2011,9,0,Monday,1,Mist,0.649167,0.589042,0.848333,0.1107,684.0,3946,4630,September
270,2011-09-27,Winter,2011,9,0,Tuesday,1,Mist,0.636667,0.574525,0.885417,0.118171,477.0,3643,4120,September
271,2011-09-28,Winter,2011,9,0,Wednesday,1,Mist,0.635,0.575158,0.84875,0.148629,480.0,3427,3907,September
272,2011-09-29,Winter,2011,9,0,Thursday,1,Clear,0.616667,0.574512,0.699167,0.172883,653.0,4186,4839,September
273,2011-09-30,Winter,2011,9,0,Friday,1,Clear,0.564167,0.544829,0.6475,0.206475,830.0,4372,5202,September
274,2011-10-01,Winter,2011,10,0,Saturday,0,Mist,0.41,0.412863,0.75375,0.292296,480.0,1949,2429,October
275,2011-10-02,Winter,2011,10,0,Sunday,0,Mist,0.356667,0.345317,0.791667,0.222013,616.0,2302,2918,October
276,2011-10-03,Winter,2011,10,0,Monday,1,Mist,0.384167,0.392046,0.760833,0.0833458,330.0,3240,3570,October
277,2011-10-04,Winter,2011,10,0,Tuesday,1,Clear,0.484167,0.472858,0.71,0.205854,486.0,3970,4456,October
278,2011-10-05,Winter,2011,10,0,Wednesday,1,Clear,0.538333,0.527138,0.647917,0.17725,559.0,4267,4826,October
279,2011-10-06,Winter,2011,10,0,Thursday,1,Clear,0.494167,0.480425,0.620833,0.134954,639.0,4126,4765,October
280,2011-10-07,Winter,2011,10,0,Friday,1,Clear,0.510833,0.504404,0.684167,0.0223917,949.0,4036,4985,October
281,2011-10-08,Winter,2011,10,0,Saturday,0,Clear,0.521667,0.513242,0.70125,0.0454042,2235.0,3174,5409,October
282,2011-10-09,Winter,2011,10,0,Sunday,0,Clear,0.540833,0.523983,0.7275,0.06345,713.0,3114,5511,October
283,2011-10-10,Winter,2011,10,1,Monday,0,Clear,0.570833,0.542925,0.73375,0.0423042,1514.0,3603,5117,October
284,2011-10-11,Winter,2011,10,0,Tuesday,1,Mist,0.566667,0.546096,0.80875,0.143042,667.0,3896,4563,October
285,2011-10-12,Winter,2011,10,0,Wednesday,1,Light Snow,0.543333,0.517717,0.90625,0.24815,217.0,2199,2416,October
286,2011-10-13,Winter,2011,10,0,Thursday,1,Mist,0.589167,0.551804,0.896667,0.141787,290.0,2623,2913,October
287,2011-10-14,Winter,2011,10,0,Friday,1,Mist,0.550833,0.529675,0.71625,0.223883,529.0,3115,3644,October
288,2011-10-15,Winter,2011,10,0,Saturday,0,Clear,0.506667,0.498725,0.483333,0.258083,1899.0,3318,5217,October
289,2011-10-16,Winter,2011,10,0,Sunday,0,Clear,0.511667,0.503154,0.486667,0.281717,1748.0,3293,5041,October
290,2011-10-17,Winter,2011,10,0,Monday,1,Clear,0.534167,0.510725,0.579583,0.175379,713.0,3857,4570,October
291,2011-10-18,Winter,2011,10,0,Tuesday,1,Mist,0.5325,0.522721,0.701667,0.110087,637.0,4111,4748,October
292,2011-10-19,Winter,2011,10,0,Wednesday,1,Light Snow,0.541739,0.513848,0.895217,0.243339,254.0,2170,2424,October
293,2011-10-20,Winter,2011,10,0,Thursday,1,Clear,0.475833,0.466525,0.63625,0.180975,471.0,3724,4195,October
294,2011-10-21,Winter,2011,10,0,Friday,1,Clear,0.4275,0.423596,0.574167,0.221396,676.0,3628,4304,October
295,2011-10-22,Winter,2011,10,0,Saturday,0,Clear,0.4225,0.425492,0.629167,0.0926667,1499.0,2809,4308,October
296,2011-10-23,Winter,2011,10,0,Sunday,0,Clear,0.421667,0.422333,0.74125,0.0995125,1619.0,2762,4381,October
297,2011-10-24,Winter,2011,10,0,Monday,1,Clear,0.463333,0.457067,0.772083,0.118792,699.0,3488,4187,October
298,2011-10-25,Winter,2011,10,0,Tuesday,1,Clear,0.471667,0.463375,0.622917,0.166658,695.0,3992,4687,October
299,2011-10-26,Winter,2011,10,0,Wednesday,1,Mist,0.484167,0.472846,0.720417,0.148642,404.0,3490,3894,October
300,2011-10-27,Winter,2011,10,0,Thursday,1,Mist,0.47,0.457046,0.812917,0.197763,240.0,2419,2659,October
301,2011-10-28,Winter,2011,10,0,Friday,1,Mist,0.330833,0.318812,0.585833,0.229479,456.0,3291,3747,October
302,2011-10-29,Winter,2011,10,0,Saturday,0,Light Snow,0.254167,0.227913,0.8825,0.351371,57.0,570,627,October
303,2011-10-30,Winter,2011,10,0,Sunday,0,Clear,0.319167,0.321329,0.62375,0.176617,885.0,2446,3331,October
304,2011-10-31,Winter,2011,10,0,Monday,1,Clear,0.34,0.356063,0.703333,0.10635,362.0,3307,3669,October
305,2011-11-01,Winter,2011,11,0,Tuesday,1,Clear,0.400833,0.397088,0.68375,0.135571,410.0,3658,4068,November
306,2011-11-02,Winter,2011,11,0,Wednesday,1,Clear,0.3775,0.390133,0.71875,0.0820917,370.0,3816,4186,November
307,2011-11-03,Winter,2011,11,0,Thursday,1,Clear,0.408333,0.405921,0.702083,0.136817,318.0,3656,3974,November
308,2011-11-04,Winter,2011,11,0,Friday,1,Mist,0.403333,0.403392,0.6225,0.271779,470.0,3576,4046,November
309,2011-11-05,Winter,2011,11,0,Saturday,0,Clear,0.326667,0.323854,0.519167,0.189062,1156.0,2770,3926,November
310,2011-11-06,Winter,2011,11,0,Sunday,0,Clear,0.348333,0.362358,0.734583,0.0920542,952.0,2697,3649,November
311,2011-11-07,Winter,2011,11,0,Monday,1,Clear,0.395,0.400871,0.75875,0.057225,373.0,3662,4035,November
312,2011-11-08,Winter,2011,11,0,Tuesday,1,Clear,0.408333,0.412246,0.721667,0.0690375,376.0,3829,4205,November
313,2011-11-09,Winter,2011,11,0,Wednesday,1,Clear,0.4,0.409079,0.758333,0.0621958,305.0,3804,4109,November
314,2011-11-10,Winter,2011,11,0,Thursday,1,Mist,0.38,0.373721,0.813333,0.189067,190.0,2743,2933,November
315,2011-11-11,Winter,2011,11,1,Friday,0,Clear,0.324167,0.306817,0.44625,0.314675,440.0,2928,3368,November
316,2011-11-12,Winter,2011,11,0,Saturday,0,Clear,0.356667,0.357942,0.552917,0.212062,1275.0,2792,4067,November
317,2011-11-13,Winter,2011,11,0,Sunday,0,Clear,0.440833,0.43055,0.458333,0.281721,1004.0,2713,3717,November
318,2011-11-14,Winter,2011,11,0,Monday,1,Clear,0.53,0.524612,0.587083,0.306596,595.0,3891,4486,November
319,2011-11-15,Winter,2011,11,0,Tuesday,1,Mist,0.53,0.507579,0.68875,0.199633,449.0,3746,4195,November
320,2011-11-16,Winter,2011,11,0,Wednesday,1,Light Snow,0.456667,0.451988,0.93,0.136829,145.0,1672,1817,November
321,2011-11-17,Winter,2011,11,0,Thursday,1,Mist,0.341667,0.323221,0.575833,0.305362,139.0,2914,3053,November
322,2011-11-18,Winter,2011,11,0,Friday,1,Clear,0.274167,0.272721,0.41,0.168533,245.0,3147,3392,November
323,2011-11-19,Winter,2011,11,0,Saturday,0,Clear,0.329167,0.324483,0.502083,0.224496,943.0,2720,3663,November
324,2011-11-20,Winter,2011,11,0,Sunday,0,Mist,0.463333,0.457058,0.684583,0.18595,787.0,2733,3520,November
325,2011-11-21,Winter,2011,11,0,Monday,1,Light Snow,0.4475,0.445062,0.91,0.138054,220.0,2545,2765,November
326,2011-11-22,Winter,2011,11,0,Tuesday,1,Light Snow,0.416667,0.421696,0.9625,0.118792,69.0,1538,1607,November
327,2011-11-23,Winter,2011,11,0,Wednesday,1,Mist,0.440833,0.430537,0.757917,0.335825,112.0,2454,2566,November
328,2011-11-24,Winter,2011,11,1,Thursday,0,Clear,0.373333,0.372471,0.549167,0.167304,560.0,935,1495,November
329,2011-11-25,Winter,2011,11,0,Friday,1,Clear,0.375,0.380671,0.64375,0.0988958,1095.0,1697,2792,November
330,2011-11-26,Winter,2011,11,0,Saturday,0,Clear,0.375833,0.385087,0.681667,0.0684208,1249.0,1819,3068,November
331,2011-11-27,Winter,2011,11,0,Sunday,0,Clear,0.459167,0.4558,0.698333,0.208954,810.0,2261,3071,November
332,2011-11-28,Winter,2011,11,0,Monday,1,Clear,0.503478,0.490122,0.743043,0.142122,253.0,3614,3867,November
333,2011-11-29,Winter,2011,11,0,Tuesday,1,Mist,0.458333,0.451375,0.830833,0.258092,96.0,2818,2914,November
334,2011-11-30,Winter,2011,11,0,Wednesday,1,Clear,0.325,0.311221,0.613333,0.271158,188.0,3425,3613,November
335,2011-12-01,Winter,2011,12,0,Thursday,1,Clear,0.3125,0.305554,0.524583,0.220158,182.0,3545,3727,December
336,2011-12-02,Winter,2011,12,0,Friday,1,Clear,0.314167,0.331433,0.625833,0.100754,268.0,3672,3940,December
337,2011-12-03,Winter,2011,12,0,Saturday,0,Clear,0.299167,0.310604,0.612917,0.0957833,706.0,2908,3614,December
338,2011-12-04,Winter,2011,12,0,Sunday,0,Clear,0.330833,0.3491,0.775833,0.0839583,634.0,2851,3485,December
339,2011-12-05,Winter,2011,12,0,Monday,1,Mist,0.385833,0.393925,0.827083,0.0622083,233.0,3578,3811,December
340,2011-12-06,Winter,2011,12,0,Tuesday,1,Light Snow,0.4625,0.4564,0.949583,0.232583,126.0,2468,2594,December
341,2011-12-07,Winter,2011,12,0,Wednesday,1,Light Snow,0.41,0.400246,0.970417,0.266175,50.0,655,705,December
342,2011-12-08,Winter,2011,12,0,Thursday,1,Clear,0.265833,0.256938,0.58,0.240058,150.0,3172,3322,December
343,2011-12-09,Winter,2011,12,0,Friday,1,Clear,0.290833,0.317542,0.695833,0.0827167,261.0,3359,3620,December
344,2011-12-10,Winter,2011,12,0,Saturday,0,Clear,0.275,0.266412,0.5075,0.233221,502.0,2688,3190,December
345,2011-12-11,Winter,2011,12,0,Sunday,0,Clear,0.220833,0.253154,0.49,0.0665417,377.0,2366,2743,December
346,2011-12-12,Winter,2011,12,0,Monday,1,Clear,0.238333,0.270196,0.670833,0.06345,143.0,3167,3310,December
347,2011-12-13,Winter,2011,12,0,Tuesday,1,Clear,0.2825,0.301138,0.59,0.14055,155.0,3368,3523,December
348,2011-12-14,Winter,2011,12,0,Wednesday,1,Mist,0.3175,0.338362,0.66375,0.0609583,178.0,3562,3740,December
349,2011-12-15,Winter,2011,12,0,Thursday,1,Mist,0.4225,0.412237,0.634167,0.268042,181.0,3528,3709,December
350,2011-12-16,Winter,2011,12,0,Friday,1,Mist,0.375,0.359825,0.500417,0.260575,178.0,3399,3577,December
351,2011-12-17,Winter,2011,12,0,Saturday,0,Mist,0.258333,0.249371,0.560833,0.243167,275.0,2464,2739,December
352,2011-12-18,Winter,2011,12,0,Sunday,0,Clear,0.238333,0.245579,0.58625,0.169779,220.0,2211,2431,December
353,2011-12-19,Winter,2011,12,0,Monday,1,Clear,0.276667,0.280933,0.6375,0.172896,260.0,3143,3403,December
354,2011-12-20,Winter,2011,12,0,Tuesday,1,Mist,0.385833,0.396454,0.595417,0.0615708,216.0,3534,3750,December
355,2011-12-21,Springer,2011,12,0,Wednesday,1,Mist,0.428333,0.428017,0.858333,0.2214,107.0,2553,2660,December
356,2011-12-22,Springer,2011,12,0,Thursday,1,Mist,0.423333,0.426121,0.7575,0.047275,227.0,2841,3068,December
357,2011-12-23,Springer,2011,12,0,Friday,1,Clear,0.373333,0.377513,0.68625,0.274246,163.0,2046,2209,December
358,2011-12-24,Springer,2011,12,0,Saturday,0,Clear,0.3025,0.299242,0.5425,0.190304,155.0,856,1011,December
359,2011-12-25,Springer,2011,12,0,Sunday,0,Clear,0.274783,0.279961,0.681304,0.155091,303.0,451,754,December
360,2011-12-26,Springer,2011,12,1,Monday,0,Clear,0.321739,0.315535,0.506957,0.239465,430.0,887,1317,December
361,2011-12-27,Springer,2011,12,0,Tuesday,1,Mist,0.325,0.327633,0.7625,0.18845,103.0,1059,1162,December
362,2011-12-28,Springer,2011,12,0,Wednesday,1,Clear,0.29913,0.279974,0.503913,0.293961,255.0,2047,2302,December
363,2011-12-29,Springer,2011,12,0,Thursday,1,Clear,0.248333,0.263892,0.574167,0.119412,254.0,2169,2423,December
364,2011-12-30,Springer,2011,12,0,Friday,1,Clear,0.311667,0.318812,0.636667,0.134337,491.0,2508,2999,December
365,2011-12-31,Springer,2011,12,0,Saturday,0,Clear,0.41,0.414121,0.615833,0.220154,665.0,1820,2485,December
366,2012-01-01,Springer,2012,1,0,Sunday,0,Clear,0.37,0.375621,0.6925,0.192167,686.0,1608,2294,January
367,2012-01-02,Springer,2012,1,1,Monday,0,Clear,0.273043,0.252304,0.381304,0.329665,244.0,1707,1951,January
368,2012-01-03,Springer,2012,1,0,Tuesday,1,Clear,0.15,0.126275,0.44125,0.365671,89.0,2147,2236,January
369,2012-01-04,Springer,2012,1,0,Wednesday,1,Mist,0.1075,0.119337,0.414583,0.1847,95.0,2273,2368,January
370,2012-01-05,Springer,2012,1,0,Thursday,1,Clear,0.265833,0.278412,0.524167,0.129987,140.0,3132,3272,January
371,2012-01-06,Springer,2012,1,0,Friday,1,Clear,0.334167,0.340267,0.542083,0.167908,307.0,3791,4098,January
372,2012-01-07,Springer,2012,1,0,Saturday,0,Clear,0.393333,0.390779,0.531667,0.174758,1070.0,3451,4521,January
373,2012-01-08,Springer,2012,1,0,Sunday,0,Clear,0.3375,0.340258,0.465,0.191542,599.0,2826,3425,January
374,2012-01-09,Springer,2012,1,0,Monday,1,Mist,0.224167,0.247479,0.701667,0.0989,106.0,2270,2376,January
375,2012-01-10,Springer,2012,1,0,Tuesday,1,Clear,0.308696,0.318826,0.646522,0.187552,173.0,3425,3598,January
376,2012-01-11,Springer,2012,1,0,Wednesday,1,Mist,0.274167,0.282821,0.8475,0.131221,92.0,2085,2177,January
377,2012-01-12,Springer,2012,1,0,Thursday,1,Mist,0.3825,0.381938,0.802917,0.180967,269.0,3828,4097,January
378,2012-01-13,Springer,2012,1,0,Friday,1,Clear,0.274167,0.249362,0.5075,0.378108,174.0,3040,3214,January
379,2012-01-14,Springer,2012,1,0,Saturday,0,Clear,0.18,0.183087,0.4575,0.187183,333.0,2160,2493,January
380,2012-01-15,Springer,2012,1,0,Sunday,0,Clear,0.166667,0.161625,0.419167,0.251258,284.0,2027,2311,January
381,2012-01-16,Springer,2012,1,1,Monday,0,Clear,0.19,0.190663,0.5225,0.231358,217.0,2081,2298,January
382,2012-01-17,Springer,2012,1,0,Tuesday,1,Mist,0.373043,0.364278,0.716087,0.34913,127.0,2808,2935,January
383,2012-01-18,Springer,2012,1,0,Wednesday,1,Clear,0.303333,0.275254,0.443333,0.180975,109.0,3267,3376,January
384,2012-01-19,Springer,2012,1,0,Thursday,1,Clear,0.19,0.190038,0.4975,0.220158,130.0,3162,3292,January
385,2012-01-20,Springer,2012,1,0,Friday,1,Mist,0.2175,0.220958,0.45,0.20275,115.0,3048,3163,January
386,2012-01-21,Springer,2012,1,0,Saturday,0,Mist,0.173333,0.174875,0.83125,0.222642,67.0,1234,1301,January
387,2012-01-22,Springer,2012,1,0,Sunday,0,Mist,0.1625,0.16225,0.79625,0.199638,196.0,1781,1977,January
388,2012-01-23,Springer,2012,1,0,Monday,1,Mist,0.218333,0.243058,0.91125,0.110708,145.0,2287,2432,January
389,2012-01-24,Springer,2012,1,0,Tuesday,1,Clear,0.3425,0.349108,0.835833,0.123767,439.0,3900,4339,January
390,2012-01-25,Springer,2012,1,0,Wednesday,1,Clear,0.294167,0.294821,0.64375,0.161071,467.0,3803,4270,January
391,2012-01-26,Springer,2012,1,0,Thursday,1,Mist,0.341667,0.35605,0.769583,0.0733958,244.0,3831,4075,January
392,2012-01-27,Springer,2012,1,0,Friday,1,Mist,0.425,0.415383,0.74125,0.342667,269.0,3187,3456,January
393,2012-01-28,Springer,2012,1,0,Saturday,0,Clear,0.315833,0.326379,0.543333,0.210829,775.0,3248,4023,January
394,2012-01-29,Springer,2012,1,0,Sunday,0,Clear,0.2825,0.272721,0.31125,0.24005,558.0,2685,3243,January
395,2012-01-30,Springer,2012,1,0,Monday,1,Clear,0.269167,0.262625,0.400833,0.215792,126.0,3498,3624,January
396,2012-01-31,Springer,2012,1,0,Tuesday,1,Clear,0.39,0.381317,0.416667,0.261817,324.0,4185,4509,January
397,2012-02-01,Springer,2012,2,0,Wednesday,1,Clear,0.469167,0.466538,0.507917,0.189067,304.0,4275,4579,February
398,2012-02-02,Springer,2012,2,0,Thursday,1,Mist,0.399167,0.398971,0.672917,0.187187,190.0,3571,3761,February
399,2012-02-03,Springer,2012,2,0,Friday,1,Clear,0.313333,0.309346,0.526667,0.178496,310.0,3841,4151,February
400,2012-02-04,Springer,2012,2,0,Saturday,0,Mist,0.264167,0.272725,0.779583,0.121896,384.0,2448,2832,February
401,2012-02-05,Springer,2012,2,0,Sunday,0,Mist,0.265833,0.264521,0.687917,0.175996,318.0,2629,2947,February
402,2012-02-06,Springer,2012,2,0,Monday,1,Clear,0.282609,0.296426,0.622174,0.1538,206.0,3578,3784,February
403,2012-02-07,Springer,2012,2,0,Tuesday,1,Clear,0.354167,0.361104,0.49625,0.147379,199.0,4176,4375,February
404,2012-02-08,Springer,2012,2,0,Wednesday,1,Mist,0.256667,0.266421,0.722917,0.133721,109.0,2693,2802,February
405,2012-02-09,Springer,2012,2,0,Thursday,1,Clear,0.265,0.261988,0.562083,0.194037,163.0,3667,3830,February
406,2012-02-10,Springer,2012,2,0,Friday,1,Mist,0.280833,0.293558,0.54,0.116929,227.0,3604,3831,February
407,2012-02-11,Springer,2012,2,0,Saturday,0,Light Snow,0.224167,0.210867,0.73125,0.289796,192.0,1977,2169,February
408,2012-02-12,Springer,2012,2,0,Sunday,0,Clear,0.1275,0.101658,0.464583,0.180975,73.0,1456,1529,February
409,2012-02-13,Springer,2012,2,0,Monday,1,Clear,0.2225,0.227913,0.41125,0.167283,94.0,3328,3422,February
410,2012-02-14,Springer,2012,2,0,Tuesday,1,Mist,0.319167,0.333946,0.50875,0.141179,135.0,3787,3922,February
411,2012-02-15,Springer,2012,2,0,Wednesday,1,Clear,0.348333,0.351629,0.53125,0.1816,141.0,4028,4169,February
412,2012-02-16,Springer,2012,2,0,Thursday,1,Mist,0.316667,0.330162,0.752917,0.091425,74.0,2931,3005,February
413,2012-02-17,Springer,2012,2,0,Friday,1,Clear,0.343333,0.351629,0.634583,0.205846,349.0,3805,4154,February
414,2012-02-18,Springer,2012,2,0,Saturday,0,Clear,0.346667,0.355425,0.534583,0.190929,1435.0,2883,4318,February
415,2012-02-19,Springer,2012,2,0,Sunday,0,Mist,0.28,0.265788,0.515833,0.253112,618.0,2071,2689,February
416,2012-02-20,Springer,2012,2,1,Monday,0,Clear,0.28,0.273391,0.507826,0.229083,502.0,2627,3129,February
417,2012-02-21,Springer,2012,2,0,Tuesday,1,Clear,0.287826,0.295113,0.594348,0.205717,163.0,3614,3777,February
418,2012-02-22,Springer,2012,2,0,Wednesday,1,Clear,0.395833,0.392667,0.567917,0.234471,394.0,4379,4773,February
419,2012-02-23,Springer,2012,2,0,Thursday,1,Clear,0.454167,0.444446,0.554583,0.190913,516.0,4546,5062,February
420,2012-02-24,Springer,2012,2,0,Friday,1,Mist,0.4075,0.410971,0.7375,0.237567,246.0,3241,3487,February
421,2012-02-25,Springer,2012,2,0,Saturday,0,Clear,0.290833,0.255675,0.395833,0.180975,317.0,2415,2732,February
422,2012-02-26,Springer,2012,2,0,Sunday,0,Clear,0.279167,0.268308,0.41,0.205229,515.0,2874,3389,February
423,2012-02-27,Springer,2012,2,0,Monday,1,Clear,0.366667,0.357954,0.490833,0.268033,253.0,4069,4322,February
424,2012-02-28,Springer,2012,2,0,Tuesday,1,Clear,0.359167,0.353525,0.395833,0.193417,229.0,4134,4363,February
425,2012-02-29,Springer,2012,2,0,Wednesday,1,Mist,0.344348,0.34847,0.804783,0.179117,65.0,1769,1834,February
426,2012-03-01,Springer,2012,3,0,Thursday,1,Clear,0.485833,0.475371,0.615417,0.226987,325.0,4665,4990,March
427,2012-03-02,Springer,2012,3,0,Friday,1,Mist,0.353333,0.359842,0.657083,0.144904,246.0,2948,3194,March
428,2012-03-03,Springer,2012,3,0,Saturday,0,Mist,0.414167,0.413492,0.62125,0.161079,956.0,3110,4066,March
429,2012-03-04,Springer,2012,3,0,Sunday,0,Clear,0.325833,0.303021,0.403333,0.334571,710.0,2713,3423,March
430,2012-03-05,Springer,2012,3,0,Monday,1,Clear,0.243333,0.241171,0.50625,0.228858,203.0,3130,3333,March
431,2012-03-06,Springer,2012,3,0,Tuesday,1,Clear,0.258333,0.255042,0.456667,0.200875,221.0,3735,3956,March
432,2012-03-07,Springer,2012,3,0,Wednesday,1,Clear,0.404167,0.3851,0.513333,0.345779,432.0,4484,4916,March
433,2012-03-08,Springer,2012,3,0,Thursday,1,Clear,0.5275,0.524604,0.5675,0.180975,486.0,4896,5382,March
434,2012-03-09,Springer,2012,3,0,Friday,1,Mist,0.410833,0.397083,0.407083,0.180975,447.0,4122,4569,March
435,2012-03-10,Springer,2012,3,0,Saturday,0,Clear,0.2875,0.277767,0.350417,0.22575,968.0,3150,4118,March
436,2012-03-11,Springer,2012,3,0,Sunday,0,Clear,0.361739,0.35967,0.476957,0.222587,1658.0,3253,4911,March
437,2012-03-12,Springer,2012,3,0,Monday,1,Clear,0.466667,0.459592,0.489167,0.207713,838.0,4460,5298,March
438,2012-03-13,Springer,2012,3,0,Tuesday,1,Clear,0.565,0.542929,0.6175,0.23695,762.0,5085,5847,March
439,2012-03-14,Springer,2012,3,0,Wednesday,1,Clear,0.5725,0.548617,0.507083,0.115062,997.0,5315,6312,March
440,2012-03-15,Springer,2012,3,0,Thursday,1,Clear,0.5575,0.532825,0.579583,0.149883,1005.0,5187,6192,March
441,2012-03-16,Springer,2012,3,0,Friday,1,Mist,0.435833,0.436229,0.842083,0.113192,548.0,3830,4378,March
442,2012-03-17,Springer,2012,3,0,Saturday,0,Mist,0.514167,0.505046,0.755833,0.110704,713.0,4681,7836,March
443,2012-03-18,Springer,2012,3,0,Sunday,0,Mist,0.4725,0.464,0.81,0.126883,2207.0,3685,5892,March
444,2012-03-19,Springer,2012,3,0,Monday,1,Clear,0.545,0.532821,0.72875,0.162317,982.0,5171,6153,March
445,2012-03-20,Springer,2012,3,0,Tuesday,1,Clear,0.560833,0.538533,0.807917,0.121271,1051.0,5042,6093,March
446,2012-03-21,Summer,2012,3,0,Wednesday,1,Mist,0.531667,0.513258,0.82125,0.0895583,1122.0,5108,6230,March
447,2012-03-22,Summer,2012,3,0,Thursday,1,Clear,0.554167,0.531567,0.83125,0.117562,1334.0,5537,6871,March
448,2012-03-23,Summer,2012,3,0,Friday,1,Mist,0.601667,0.570067,0.694167,0.1163,713.0,5893,8362,March
449,2012-03-24,Summer,2012,3,0,Saturday,0,Mist,0.5025,0.486733,0.885417,0.192783,1033.0,2339,3372,March
450,2012-03-25,Summer,2012,3,0,Sunday,0,Mist,0.4375,0.437488,0.880833,0.220775,1532.0,3464,4996,March
451,2012-03-26,Summer,2012,3,0,Monday,1,Clear,0.445833,0.43875,0.477917,0.180975,795.0,4763,5558,March
452,2012-03-27,Summer,2012,3,0,Tuesday,1,Clear,0.323333,0.315654,0.29,0.187192,531.0,4571,5102,March
453,2012-03-28,Summer,2012,3,0,Wednesday,1,Clear,0.484167,0.47095,0.48125,0.291671,674.0,5024,5698,March
454,2012-03-29,Summer,2012,3,0,Thursday,1,Clear,0.494167,0.482304,0.439167,0.31965,834.0,5299,6133,March
455,2012-03-30,Summer,2012,3,0,Friday,1,Mist,0.37,0.375621,0.580833,0.138067,796.0,4663,5459,March
456,2012-03-31,Summer,2012,3,0,Saturday,0,Mist,0.424167,0.421708,0.738333,0.250617,713.0,3934,6235,March
457,2012-04-01,Summer,2012,4,0,Sunday,0,Mist,0.425833,0.417287,0.67625,0.172267,713.0,3694,6041,April
458,2012-04-02,Summer,2012,4,0,Monday,1,Clear,0.433913,0.427513,0.504348,0.312139,1208.0,4728,5936,April
459,2012-04-03,Summer,2012,4,0,Tuesday,1,Clear,0.466667,0.461483,0.396667,0.100133,1348.0,5424,6772,April
460,2012-04-04,Summer,2012,4,0,Wednesday,1,Clear,0.541667,0.53345,0.469583,0.180975,1058.0,5378,6436,April
461,2012-04-05,Summer,2012,4,0,Thursday,1,Clear,0.435,0.431163,0.374167,0.219529,1192.0,5265,6457,April
462,2012-04-06,Summer,2012,4,0,Friday,1,Clear,0.403333,0.390767,0.377083,0.300388,1807.0,4653,6460,April
463,2012-04-07,Summer,2012,4,0,Saturday,0,Clear,0.4375,0.426129,0.254167,0.274871,713.0,3605,6857,April
464,2012-04-08,Summer,2012,4,0,Sunday,0,Clear,0.5,0.492425,0.275833,0.232596,2230.0,2939,5169,April
465,2012-04-09,Summer,2012,4,0,Monday,1,Clear,0.489167,0.476638,0.3175,0.358196,905.0,4680,5585,April
466,2012-04-10,Summer,2012,4,0,Tuesday,1,Clear,0.446667,0.436233,0.435,0.249375,819.0,5099,5918,April
467,2012-04-11,Summer,2012,4,0,Wednesday,1,Clear,0.348696,0.337274,0.469565,0.295274,482.0,4380,4862,April
468,2012-04-12,Summer,2012,4,0,Thursday,1,Clear,0.3975,0.387604,0.46625,0.290429,663.0,4746,5409,April
469,2012-04-13,Summer,2012,4,0,Friday,1,Clear,0.4425,0.431808,0.408333,0.155471,1252.0,5146,6398,April
470,2012-04-14,Summer,2012,4,0,Saturday,0,Clear,0.495,0.487996,0.502917,0.190917,713.0,4665,7460,April
471,2012-04-15,Summer,2012,4,0,Sunday,0,Clear,0.606667,0.573875,0.507917,0.225129,713.0,4286,7132,April
472,2012-04-16,Summer,2012,4,1,Monday,0,Clear,0.664167,0.614925,0.561667,0.284829,1198.0,5172,6370,April
473,2012-04-17,Summer,2012,4,0,Tuesday,1,Clear,0.608333,0.598487,0.390417,0.273629,989.0,5702,6691,April
474,2012-04-18,Summer,2012,4,0,Wednesday,1,Mist,0.463333,0.457038,0.569167,0.167912,347.0,4020,4367,April
475,2012-04-19,Summer,2012,4,0,Thursday,1,Clear,0.498333,0.493046,0.6125,0.0659292,846.0,5719,6565,April
476,2012-04-20,Summer,2012,4,0,Friday,1,Clear,0.526667,0.515775,0.694583,0.149871,1340.0,5950,7290,April
477,2012-04-21,Summer,2012,4,0,Saturday,0,Clear,0.57,0.542921,0.682917,0.283587,713.0,4083,6624,April
478,2012-04-22,Summer,2012,4,0,Sunday,0,Light Snow,0.396667,0.389504,0.835417,0.344546,120.0,907,1027,April
479,2012-04-23,Summer,2012,4,0,Monday,1,Mist,0.321667,0.301125,0.766667,0.303496,195.0,3019,3214,April
480,2012-04-24,Summer,2012,4,0,Tuesday,1,Clear,0.413333,0.405283,0.454167,0.249383,518.0,5115,5633,April
481,2012-04-25,Summer,2012,4,0,Wednesday,1,Clear,0.476667,0.470317,0.427917,0.118792,655.0,5541,6196,April
482,2012-04-26,Summer,2012,4,0,Thursday,1,Mist,0.498333,0.483583,0.756667,0.176625,475.0,4551,5026,April
483,2012-04-27,Summer,2012,4,0,Friday,1,Clear,0.4575,0.452637,0.400833,0.347633,1014.0,5219,6233,April
484,2012-04-28,Summer,2012,4,0,Saturday,0,Mist,0.376667,0.377504,0.489583,0.129975,1120.0,3100,4220,April
485,2012-04-29,Summer,2012,4,0,Sunday,0,Clear,0.458333,0.450121,0.587083,0.116908,2229.0,4075,6304,April
486,2012-04-30,Summer,2012,4,0,Monday,1,Mist,0.464167,0.457696,0.57,0.171638,665.0,4907,5572,April
487,2012-05-01,Summer,2012,5,0,Tuesday,1,Mist,0.613333,0.577021,0.659583,0.156096,653.0,5087,5740,May
488,2012-05-02,Summer,2012,5,0,Wednesday,1,Clear,0.564167,0.537896,0.797083,0.138058,667.0,5502,6169,May
489,2012-05-03,Summer,2012,5,0,Thursday,1,Mist,0.56,0.537242,0.768333,0.133696,764.0,5657,6421,May
490,2012-05-04,Summer,2012,5,0,Friday,1,Clear,0.6275,0.590917,0.735417,0.162938,1069.0,5227,6296,May
491,2012-05-05,Summer,2012,5,0,Saturday,0,Mist,0.621667,0.584608,0.756667,0.152992,713.0,4387,6883,May
492,2012-05-06,Summer,2012,5,0,Sunday,0,Mist,0.5625,0.546737,0.74,0.149879,2135.0,4224,6359,May
493,2012-05-07,Summer,2012,5,0,Monday,1,Mist,0.5375,0.527142,0.664167,0.230721,1008.0,5265,6273,May
494,2012-05-08,Summer,2012,5,0,Tuesday,1,Mist,0.581667,0.557471,0.685833,0.296029,738.0,4990,5728,May
495,2012-05-09,Summer,2012,5,0,Wednesday,1,Mist,0.575,0.553025,0.744167,0.216412,620.0,4097,4717,May
496,2012-05-10,Summer,2012,5,0,Thursday,1,Clear,0.505833,0.491783,0.552083,0.314063,1026.0,5546,6572,May
497,2012-05-11,Summer,2012,5,0,Friday,1,Clear,0.533333,0.520833,0.360417,0.236937,1319.0,5711,7030,May
498,2012-05-12,Summer,2012,5,0,Saturday,0,Clear,0.564167,0.544817,0.480417,0.123133,713.0,4807,7429,May
499,2012-05-13,Summer,2012,5,0,Sunday,0,Clear,0.6125,0.585238,0.57625,0.225117,2172.0,3946,6118,May
500,2012-05-14,Summer,2012,5,0,Monday,1,Mist,0.573333,0.5499,0.789583,0.212692,342.0,2501,2843,May
501,2012-05-15,Summer,2012,5,0,Tuesday,1,Mist,0.611667,0.576404,0.794583,0.147392,625.0,4490,5115,May
502,2012-05-16,Summer,2012,5,0,Wednesday,1,Clear,0.636667,0.595975,0.697917,0.122512,991.0,6433,7424,May
503,2012-05-17,Summer,2012,5,0,Thursday,1,Clear,0.593333,0.572613,0.52,0.229475,1242.0,6142,7384,May
504,2012-05-18,Summer,2012,5,0,Friday,1,Clear,0.564167,0.551121,0.523333,0.136817,1521.0,6118,7639,May
505,2012-05-19,Summer,2012,5,0,Saturday,0,Clear,0.6,0.566908,0.45625,0.083975,713.0,4884,8294,May
506,2012-05-20,Summer,2012,5,0,Sunday,0,Clear,0.620833,0.583967,0.530417,0.254367,713.0,4425,7129,May
507,2012-05-21,Summer,2012,5,0,Monday,1,Mist,0.598333,0.565667,0.81125,0.233204,630.0,3729,4359,May
508,2012-05-22,Summer,2012,5,0,Tuesday,1,Mist,0.615,0.580825,0.765833,0.118167,819.0,5254,6073,May
509,2012-05-23,Summer,2012,5,0,Wednesday,1,Mist,0.621667,0.584612,0.774583,0.102,766.0,4494,5260,May
510,2012-05-24,Summer,2012,5,0,Thursday,1,Clear,0.655,0.6067,0.716667,0.172896,1059.0,5711,6770,May
511,2012-05-25,Summer,2012,5,0,Friday,1,Clear,0.68,0.627529,0.747083,0.14055,1417.0,5317,6734,May
512,2012-05-26,Summer,2012,5,0,Saturday,0,Clear,0.6925,0.642696,0.7325,0.198992,713.0,3681,6536,May
513,2012-05-27,Summer,2012,5,0,Sunday,0,Clear,0.69,0.641425,0.697083,0.215171,713.0,3308,6591,May
514,2012-05-28,Summer,2012,5,1,Monday,0,Clear,0.7125,0.6793,0.67625,0.196521,713.0,3486,6043,May
515,2012-05-29,Summer,2012,5,0,Tuesday,1,Clear,0.7225,0.672992,0.684583,0.2954,880.0,4863,5743,May
516,2012-05-30,Summer,2012,5,0,Wednesday,1,Mist,0.656667,0.611129,0.67,0.134329,745.0,6110,6855,May
517,2012-05-31,Summer,2012,5,0,Thursday,1,Clear,0.68,0.631329,0.492917,0.195279,1100.0,6238,7338,May
518,2012-06-01,Summer,2012,6,0,Friday,1,Mist,0.654167,0.607962,0.755417,0.237563,533.0,3594,4127,June
519,2012-06-02,Summer,2012,6,0,Saturday,0,Clear,0.583333,0.566288,0.549167,0.186562,713.0,5325,8120,June
520,2012-06-03,Summer,2012,6,0,Sunday,0,Clear,0.6025,0.575133,0.493333,0.184087,713.0,5147,7641,June
521,2012-06-04,Summer,2012,6,0,Monday,1,Clear,0.5975,0.578283,0.487083,0.284833,1071.0,5927,6998,June
522,2012-06-05,Summer,2012,6,0,Tuesday,1,Mist,0.540833,0.525892,0.613333,0.209575,968.0,6033,7001,June
523,2012-06-06,Summer,2012,6,0,Wednesday,1,Clear,0.554167,0.542292,0.61125,0.077125,1027.0,6028,7055,June
524,2012-06-07,Summer,2012,6,0,Thursday,1,Clear,0.6025,0.569442,0.567083,0.15735,1038.0,6456,7494,June
525,2012-06-08,Summer,2012,6,0,Friday,1,Clear,0.649167,0.597862,0.467917,0.175383,1488.0,6248,7736,June
526,2012-06-09,Summer,2012,6,0,Saturday,0,Clear,0.710833,0.648367,0.437083,0.144287,713.0,4790,7498,June
527,2012-06-10,Summer,2012,6,0,Sunday,0,Clear,0.726667,0.663517,0.538333,0.133721,2224.0,4374,6598,June
528,2012-06-11,Summer,2012,6,0,Monday,1,Mist,0.720833,0.659721,0.587917,0.207713,1017.0,5647,6664,June
529,2012-06-12,Summer,2012,6,0,Tuesday,1,Mist,0.653333,0.597875,0.833333,0.214546,477.0,4495,4972,June
530,2012-06-13,Summer,2012,6,0,Wednesday,1,Clear,0.655833,0.611117,0.582083,0.343279,1173.0,6248,7421,June
531,2012-06-14,Summer,2012,6,0,Thursday,1,Clear,0.648333,0.624383,0.569583,0.253733,1180.0,6183,7363,June
532,2012-06-15,Summer,2012,6,0,Friday,1,Clear,0.639167,0.599754,0.589583,0.176617,1563.0,6102,7665,June
533,2012-06-16,Summer,2012,6,0,Saturday,0,Clear,0.631667,0.594708,0.504167,0.166667,713.0,4739,7702,June
534,2012-06-17,Summer,2012,6,0,Sunday,0,Clear,0.5925,0.571975,0.59875,0.144904,713.0,4344,6978,June
535,2012-06-18,Summer,2012,6,0,Monday,1,Mist,0.568333,0.544842,0.777917,0.174746,653.0,4446,5099,June
536,2012-06-19,Summer,2012,6,0,Tuesday,1,Clear,0.688333,0.654692,0.69,0.148017,968.0,5857,6825,June
537,2012-06-20,Summer,2012,6,0,Wednesday,1,Clear,0.7825,0.720975,0.592083,0.113812,872.0,5339,6211,June
538,2012-06-21,Fall,2012,6,0,Thursday,1,Clear,0.805833,0.752542,0.567917,0.118787,778.0,5127,5905,June
539,2012-06-22,Fall,2012,6,0,Friday,1,Clear,0.7775,0.724121,0.57375,0.182842,964.0,4859,5823,June
540,2012-06-23,Fall,2012,6,0,Saturday,0,Clear,0.731667,0.652792,0.534583,0.179721,713.0,4801,7458,June
541,2012-06-24,Fall,2012,6,0,Sunday,0,Clear,0.743333,0.674254,0.479167,0.145525,713.0,4340,6891,June
542,2012-06-25,Fall,2012,6,0,Monday,1,Clear,0.715833,0.654042,0.504167,0.300383,1139.0,5640,6779,June
543,2012-06-26,Fall,2012,6,0,Tuesday,1,Clear,0.630833,0.594704,0.373333,0.347642,1077.0,6365,7442,June
544,2012-06-27,Fall,2012,6,0,Wednesday,1,Clear,0.6975,0.640792,0.36,0.271775,1077.0,6258,7335,June
545,2012-06-28,Fall,2012,6,0,Thursday,1,Clear,0.749167,0.675512,0.4225,0.17165,921.0,5958,6879,June
546,2012-06-29,Fall,2012,6,0,Friday,1,Clear,0.834167,0.786613,0.48875,0.165417,829.0,4634,5463,June
547,2012-06-30,Fall,2012,6,0,Saturday,0,Clear,0.765,0.687508,0.60125,0.161071,1455.0,4232,5687,June
548,2012-07-01,Fall,2012,7,0,Sunday,0,Clear,0.815833,0.750629,0.51875,0.168529,1421.0,4110,5531,July
549,2012-07-02,Fall,2012,7,0,Monday,1,Clear,0.781667,0.702038,0.447083,0.195267,904.0,5323,6227,July
550,2012-07-03,Fall,2012,7,0,Tuesday,1,Clear,0.780833,0.70265,0.492083,0.126237,1052.0,5608,6660,July
551,2012-07-04,Fall,2012,7,1,Wednesday,0,Clear,0.789167,0.732337,0.53875,0.13495,713.0,4841,7403,July
552,2012-07-05,Fall,2012,7,0,Thursday,1,Clear,0.8275,0.761367,0.457917,0.194029,1405.0,4836,6241,July
553,2012-07-06,Fall,2012,7,0,Friday,1,Clear,0.828333,0.752533,0.450833,0.146142,1366.0,4841,6207,July
554,2012-07-07,Fall,2012,7,0,Saturday,0,Clear,0.861667,0.804913,0.492083,0.163554,1448.0,3392,4840,July
555,2012-07-08,Fall,2012,7,0,Sunday,0,Clear,0.8225,0.790396,0.57375,0.125629,1203.0,3469,4672,July
556,2012-07-09,Fall,2012,7,0,Monday,1,Mist,0.710833,0.654054,0.683333,0.180975,998.0,5571,6569,July
557,2012-07-10,Fall,2012,7,0,Tuesday,1,Mist,0.720833,0.664796,0.6675,0.151737,954.0,5336,6290,July
558,2012-07-11,Fall,2012,7,0,Wednesday,1,Clear,0.716667,0.650271,0.633333,0.151733,975.0,6289,7264,July
559,2012-07-12,Fall,2012,7,0,Thursday,1,Clear,0.715833,0.654683,0.529583,0.146775,1032.0,6414,7446,July
560,2012-07-13,Fall,2012,7,0,Friday,1,Mist,0.731667,0.667933,0.485833,0.08085,1511.0,5988,7499,July
561,2012-07-14,Fall,2012,7,0,Saturday,0,Mist,0.703333,0.666042,0.699167,0.143679,713.0,4614,6969,July
562,2012-07-15,Fall,2012,7,0,Sunday,0,Clear,0.745833,0.705196,0.717917,0.166667,1920.0,4111,6031,July
563,2012-07-16,Fall,2012,7,0,Monday,1,Clear,0.763333,0.724125,0.645,0.164187,1088.0,5742,6830,July
564,2012-07-17,Fall,2012,7,0,Tuesday,1,Clear,0.818333,0.755683,0.505833,0.114429,921.0,5865,6786,July
565,2012-07-18,Fall,2012,7,0,Wednesday,1,Clear,0.793333,0.745583,0.577083,0.137442,799.0,4914,5713,July
566,2012-07-19,Fall,2012,7,0,Thursday,1,Clear,0.77,0.714642,0.600417,0.165429,888.0,5703,6591,July
567,2012-07-20,Fall,2012,7,0,Friday,1,Mist,0.665833,0.613025,0.844167,0.208967,747.0,5123,5870,July
568,2012-07-21,Fall,2012,7,0,Saturday,0,Light Snow,0.595833,0.549912,0.865417,0.2133,1264.0,3195,4459,July
569,2012-07-22,Fall,2012,7,0,Sunday,0,Mist,0.6675,0.623125,0.7625,0.0939208,713.0,4866,7410,July
570,2012-07-23,Fall,2012,7,0,Monday,1,Clear,0.741667,0.690017,0.694167,0.138683,1135.0,5831,6966,July
571,2012-07-24,Fall,2012,7,0,Tuesday,1,Clear,0.750833,0.70645,0.655,0.211454,1140.0,6452,7592,July
572,2012-07-25,Fall,2012,7,0,Wednesday,1,Clear,0.724167,0.654054,0.45,0.1648,1383.0,6790,8173,July
573,2012-07-26,Fall,2012,7,0,Thursday,1,Clear,0.776667,0.739263,0.596667,0.284813,1036.0,5825,6861,July
574,2012-07-27,Fall,2012,7,0,Friday,1,Clear,0.781667,0.734217,0.594583,0.152992,1259.0,5645,6904,July
575,2012-07-28,Fall,2012,7,0,Saturday,0,Clear,0.755833,0.697604,0.613333,0.15735,2234.0,4451,6685,July
576,2012-07-29,Fall,2012,7,0,Sunday,0,Clear,0.721667,0.667933,0.62375,0.170396,2153.0,4444,6597,July
577,2012-07-30,Fall,2012,7,0,Monday,1,Clear,0.730833,0.684987,0.66875,0.153617,1040.0,6065,7105,July
578,2012-07-31,Fall,2012,7,0,Tuesday,1,Clear,0.713333,0.662896,0.704167,0.165425,968.0,6248,7216,July
579,2012-08-01,Fall,2012,8,0,Wednesday,1,Clear,0.7175,0.667308,0.6775,0.141179,1074.0,6506,7580,August
580,2012-08-02,Fall,2012,8,0,Thursday,1,Clear,0.7525,0.707088,0.659583,0.129354,983.0,6278,7261,August
581,2012-08-03,Fall,2012,8,0,Friday,1,Mist,0.765833,0.722867,0.6425,0.215792,1328.0,5847,7175,August
582,2012-08-04,Fall,2012,8,0,Saturday,0,Clear,0.793333,0.751267,0.613333,0.257458,713.0,4479,6824,August
583,2012-08-05,Fall,2012,8,0,Sunday,0,Clear,0.769167,0.731079,0.6525,0.290421,1707.0,3757,5464,August
584,2012-08-06,Fall,2012,8,0,Monday,1,Mist,0.7525,0.710246,0.654167,0.129354,1233.0,5780,7013,August
585,2012-08-07,Fall,2012,8,0,Tuesday,1,Mist,0.735833,0.697621,0.70375,0.116908,1278.0,5995,7273,August
586,2012-08-08,Fall,2012,8,0,Wednesday,1,Mist,0.75,0.707717,0.672917,0.1107,1263.0,6271,7534,August
587,2012-08-09,Fall,2012,8,0,Thursday,1,Clear,0.755833,0.699508,0.620417,0.1561,1196.0,6090,7286,August
588,2012-08-10,Fall,2012,8,0,Friday,1,Mist,0.715833,0.667942,0.715833,0.238813,1065.0,4721,5786,August
589,2012-08-11,Fall,2012,8,0,Saturday,0,Mist,0.6925,0.638267,0.732917,0.206479,2247.0,4052,6299,August
590,2012-08-12,Fall,2012,8,0,Sunday,0,Clear,0.700833,0.644579,0.530417,0.122512,2182.0,4362,6544,August
591,2012-08-13,Fall,2012,8,0,Monday,1,Clear,0.720833,0.662254,0.545417,0.136212,1207.0,5676,6883,August
592,2012-08-14,Fall,2012,8,0,Tuesday,1,Clear,0.726667,0.676779,0.686667,0.169158,1128.0,5656,6784,August
593,2012-08-15,Fall,2012,8,0,Wednesday,1,Clear,0.706667,0.654037,0.619583,0.169771,1198.0,6149,7347,August
594,2012-08-16,Fall,2012,8,0,Thursday,1,Clear,0.719167,0.654688,0.519167,0.141796,1338.0,6267,7605,August
595,2012-08-17,Fall,2012,8,0,Friday,1,Clear,0.723333,0.2424,0.570833,0.231354,1483.0,5665,7148,August
596,2012-08-18,Fall,2012,8,0,Saturday,0,Clear,0.678333,0.618071,0.603333,0.177867,713.0,5038,7865,August
597,2012-08-19,Fall,2012,8,0,Sunday,0,Mist,0.635833,0.603554,0.711667,0.08645,1208.0,3341,4549,August
598,2012-08-20,Fall,2012,8,0,Monday,1,Mist,0.635833,0.595967,0.734167,0.129979,1026.0,5504,6530,August
599,2012-08-21,Fall,2012,8,0,Tuesday,1,Clear,0.649167,0.601025,0.67375,0.0727708,1081.0,5925,7006,August
600,2012-08-22,Fall,2012,8,0,Wednesday,1,Clear,0.6675,0.621854,0.677083,0.0702833,1094.0,6281,7375,August
601,2012-08-23,Fall,2012,8,0,Thursday,1,Clear,0.695833,0.637008,0.635833,0.0845958,1363.0,6402,7765,August
602,2012-08-24,Fall,2012,8,0,Friday,1,Mist,0.7025,0.6471,0.615,0.0721458,1325.0,6257,7582,August
603,2012-08-25,Fall,2012,8,0,Saturday,0,Mist,0.661667,0.618696,0.712917,0.244408,1829.0,4224,6053,August
604,2012-08-26,Fall,2012,8,0,Sunday,0,Mist,0.653333,0.595996,0.845833,0.228858,1483.0,3772,5255,August
605,2012-08-27,Fall,2012,8,0,Monday,1,Clear,0.703333,0.654688,0.730417,0.128733,989.0,5928,6917,August
606,2012-08-28,Fall,2012,8,0,Tuesday,1,Clear,0.728333,0.66605,0.62,0.190925,935.0,6105,7040,August
607,2012-08-29,Fall,2012,8,0,Wednesday,1,Clear,0.685,0.635733,0.552083,0.112562,1177.0,6520,7697,August
608,2012-08-30,Fall,2012,8,0,Thursday,1,Clear,0.706667,0.652779,0.590417,0.0771167,1172.0,6541,7713,August
609,2012-08-31,Fall,2012,8,0,Friday,1,Clear,0.764167,0.6894,0.5875,0.168533,1433.0,5917,7350,August
610,2012-09-01,Fall,2012,9,0,Saturday,0,Mist,0.753333,0.702654,0.638333,0.113187,713.0,3788,6140,September
611,2012-09-02,Fall,2012,9,0,Sunday,0,Mist,0.696667,0.649,0.815,0.0640708,713.0,3197,5810,September
612,2012-09-03,Fall,2012,9,1,Monday,0,Clear,0.7075,0.661629,0.790833,0.151121,1965.0,4069,6034,September
613,2012-09-04,Fall,2012,9,0,Tuesday,1,Clear,0.725833,0.686888,0.755,0.236321,867.0,5997,6864,September
614,2012-09-05,Fall,2012,9,0,Wednesday,1,Clear,0.736667,0.708983,0.74125,0.187808,832.0,6280,7112,September
615,2012-09-06,Fall,2012,9,0,Thursday,1,Mist,0.696667,0.655329,0.810417,0.142421,611.0,5592,6203,September
616,2012-09-07,Fall,2012,9,0,Friday,1,Clear,0.703333,0.657204,0.73625,0.171646,1045.0,6459,7504,September
617,2012-09-08,Fall,2012,9,0,Saturday,0,Mist,0.659167,0.611121,0.799167,0.281104,1557.0,4419,5976,September
618,2012-09-09,Fall,2012,9,0,Sunday,0,Clear,0.61,0.578925,0.5475,0.224496,713.0,5657,8227,September
619,2012-09-10,Fall,2012,9,0,Monday,1,Clear,0.583333,0.565654,0.50375,0.258713,1118.0,6407,7525,September
620,2012-09-11,Fall,2012,9,0,Tuesday,1,Clear,0.5775,0.554292,0.52,0.0920542,1070.0,6697,7767,September
621,2012-09-12,Fall,2012,9,0,Wednesday,1,Clear,0.599167,0.570075,0.577083,0.131846,1050.0,6820,7870,September
622,2012-09-13,Fall,2012,9,0,Thursday,1,Clear,0.6125,0.579558,0.637083,0.0827208,1054.0,6750,7804,September
623,2012-09-14,Fall,2012,9,0,Friday,1,Clear,0.633333,0.594083,0.6725,0.103863,1379.0,6630,8009,September
624,2012-09-15,Fall,2012,9,0,Saturday,0,Clear,0.608333,0.585867,0.501667,0.247521,713.0,5554,8714,September
625,2012-09-16,Fall,2012,9,0,Sunday,0,Clear,0.58,0.563125,0.57,0.0901833,2166.0,5167,7333,September
626,2012-09-17,Fall,2012,9,0,Monday,1,Mist,0.580833,0.55305,0.734583,0.151742,1022.0,5847,6869,September
627,2012-09-18,Fall,2012,9,0,Tuesday,1,Mist,0.623333,0.565067,0.8725,0.357587,371.0,3702,4073,September
628,2012-09-19,Fall,2012,9,0,Wednesday,1,Clear,0.5525,0.540404,0.536667,0.215175,788.0,6803,7591,September
629,2012-09-20,Fall,2012,9,0,Thursday,1,Clear,0.546667,0.532192,0.618333,0.118167,939.0,6781,7720,September
630,2012-09-21,Fall,2012,9,0,Friday,1,Clear,0.599167,0.571971,0.66875,0.154229,1250.0,6917,8167,September
631,2012-09-22,Fall,2012,9,0,Saturday,0,Clear,0.65,0.610488,0.646667,0.283583,713.0,5883,8395,September
632,2012-09-23,Winter,2012,9,0,Sunday,0,Clear,0.529167,0.518933,0.467083,0.223258,713.0,5453,7907,September
633,2012-09-24,Winter,2012,9,0,Monday,1,Clear,0.514167,0.502513,0.492917,0.142404,1001.0,6435,7436,September
634,2012-09-25,Winter,2012,9,0,Tuesday,1,Clear,0.55,0.544179,0.57,0.236321,845.0,6693,7538,September
635,2012-09-26,Winter,2012,9,0,Wednesday,1,Clear,0.635,0.596613,0.630833,0.2444,787.0,6946,7733,September
636,2012-09-27,Winter,2012,9,0,Thursday,1,Mist,0.65,0.607975,0.690833,0.134342,751.0,6642,7393,September
637,2012-09-28,Winter,2012,9,0,Friday,1,Mist,0.619167,0.585863,0.69,0.164179,1045.0,6370,7415,September
638,2012-09-29,Winter,2012,9,0,Saturday,0,Clear,0.5425,0.530296,0.542917,0.227604,713.0,5966,8555,September
639,2012-09-30,Winter,2012,9,0,Sunday,0,Clear,0.526667,0.517663,0.583333,0.134958,2015.0,4874,6889,September
640,2012-10-01,Winter,2012,10,0,Monday,1,Mist,0.520833,0.512,0.649167,0.0908042,763.0,6015,6778,October
641,2012-10-02,Winter,2012,10,0,Tuesday,1,Light Snow,0.590833,0.542333,0.871667,0.104475,315.0,4324,4639,October
642,2012-10-03,Winter,2012,10,0,Wednesday,1,Mist,0.6575,0.599133,0.79375,0.0665458,728.0,6844,7572,October
643,2012-10-04,Winter,2012,10,0,Thursday,1,Mist,0.6575,0.607975,0.722917,0.117546,891.0,6437,7328,October
644,2012-10-05,Winter,2012,10,0,Friday,1,Clear,0.615,0.580187,0.6275,0.10635,1516.0,6640,8156,October
645,2012-10-06,Winter,2012,10,0,Saturday,0,Clear,0.554167,0.538521,0.664167,0.268025,713.0,4934,7965,October
646,2012-10-07,Winter,2012,10,0,Sunday,0,Mist,0.415833,0.419813,0.708333,0.141162,781.0,2729,3510,October
647,2012-10-08,Winter,2012,10,1,Monday,0,Mist,0.383333,0.387608,0.709583,0.189679,874.0,4604,5478,October
648,2012-10-09,Winter,2012,10,0,Tuesday,1,Mist,0.446667,0.438112,0.761667,0.1903,601.0,5791,6392,October
649,2012-10-10,Winter,2012,10,0,Wednesday,1,Clear,0.514167,0.503142,0.630833,0.187821,780.0,6911,7691,October
650,2012-10-11,Winter,2012,10,0,Thursday,1,Clear,0.435,0.431167,0.463333,0.181596,834.0,6736,7570,October
651,2012-10-12,Winter,2012,10,0,Friday,1,Clear,0.4375,0.433071,0.539167,0.235092,1060.0,6222,7282,October
652,2012-10-13,Winter,2012,10,0,Saturday,0,Clear,0.393333,0.391396,0.494583,0.146142,2252.0,4857,7109,October
653,2012-10-14,Winter,2012,10,0,Sunday,0,Clear,0.521667,0.508204,0.640417,0.278612,2080.0,4559,6639,October
654,2012-10-15,Winter,2012,10,0,Monday,1,Mist,0.561667,0.53915,0.7075,0.296037,760.0,5115,5875,October
655,2012-10-16,Winter,2012,10,0,Tuesday,1,Clear,0.468333,0.460846,0.558333,0.182221,922.0,6612,7534,October
656,2012-10-17,Winter,2012,10,0,Wednesday,1,Clear,0.455833,0.450108,0.692917,0.101371,979.0,6482,7461,October
657,2012-10-18,Winter,2012,10,0,Thursday,1,Mist,0.5225,0.512625,0.728333,0.236937,1008.0,6501,7509,October
658,2012-10-19,Winter,2012,10,0,Friday,1,Mist,0.563333,0.537896,0.815,0.134954,753.0,4671,5424,October
659,2012-10-20,Winter,2012,10,0,Saturday,0,Clear,0.484167,0.472842,0.572917,0.117537,713.0,5284,8090,October
660,2012-10-21,Winter,2012,10,0,Sunday,0,Clear,0.464167,0.456429,0.51,0.166054,2132.0,4692,6824,October
661,2012-10-22,Winter,2012,10,0,Monday,1,Clear,0.4875,0.482942,0.568333,0.0814833,830.0,6228,7058,October
662,2012-10-23,Winter,2012,10,0,Tuesday,1,Clear,0.544167,0.530304,0.641667,0.0945458,841.0,6625,7466,October
663,2012-10-24,Winter,2012,10,0,Wednesday,1,Clear,0.5875,0.558721,0.63625,0.0727792,795.0,6898,7693,October
664,2012-10-25,Winter,2012,10,0,Thursday,1,Mist,0.55,0.529688,0.800417,0.124375,875.0,6484,7359,October
665,2012-10-26,Winter,2012,10,0,Friday,1,Mist,0.545833,0.52275,0.807083,0.132467,1182.0,6262,7444,October
666,2012-10-27,Winter,2012,10,0,Saturday,0,Mist,0.53,0.515133,0.72,0.235692,713.0,5209,7852,October
667,2012-10-28,Winter,2012,10,0,Sunday,0,Mist,0.4775,0.467771,0.694583,0.180975,998.0,3461,4459,October
668,2012-10-29,Winter,2012,10,0,Monday,1,Light Snow,0.44,0.4394,0.88,0.3582,2.0,20,22,October
669,2012-10-30,Winter,2012,10,0,Tuesday,1,Mist,0.318182,0.309909,0.825455,0.213009,87.0,1009,1096,October
670,2012-10-31,Winter,2012,10,0,Wednesday,1,Mist,0.3575,0.3611,0.666667,0.166667,419.0,5147,5566,October
671,2012-11-01,Winter,2012,11,0,Thursday,1,Mist,0.365833,0.369942,0.581667,0.157346,466.0,5520,5986,November
672,2012-11-02,Winter,2012,11,0,Friday,1,Clear,0.355,0.356042,0.522083,0.266175,618.0,5229,5847,November
673,2012-11-03,Winter,2012,11,0,Saturday,0,Mist,0.343333,0.323846,0.49125,0.270529,1029.0,4109,5138,November
674,2012-11-04,Winter,2012,11,0,Sunday,0,Clear,0.325833,0.329538,0.532917,0.179108,1201.0,3906,5107,November
675,2012-11-05,Winter,2012,11,0,Monday,1,Clear,0.319167,0.308075,0.494167,0.236325,378.0,4881,5259,November
676,2012-11-06,Winter,2012,11,0,Tuesday,1,Clear,0.280833,0.281567,0.567083,0.173513,466.0,5220,5686,November
677,2012-11-07,Winter,2012,11,0,Wednesday,1,Mist,0.295833,0.274621,0.5475,0.304108,326.0,4709,5035,November
678,2012-11-08,Winter,2012,11,0,Thursday,1,Clear,0.352174,0.341891,0.333478,0.347835,340.0,4975,5315,November
679,2012-11-09,Winter,2012,11,0,Friday,1,Clear,0.361667,0.355413,0.540833,0.214558,709.0,5283,5992,November
680,2012-11-10,Winter,2012,11,0,Saturday,0,Clear,0.389167,0.393937,0.645417,0.0578458,2090.0,4446,6536,November
681,2012-11-11,Winter,2012,11,0,Sunday,0,Clear,0.420833,0.421713,0.659167,0.1275,713.0,4562,6852,November
682,2012-11-12,Winter,2012,11,1,Monday,0,Clear,0.485,0.475383,0.741667,0.173517,1097.0,5172,6269,November
683,2012-11-13,Winter,2012,11,0,Tuesday,1,Mist,0.343333,0.323225,0.662917,0.342046,327.0,3767,4094,November
684,2012-11-14,Winter,2012,11,0,Wednesday,1,Clear,0.289167,0.281563,0.552083,0.199625,373.0,5122,5495,November
685,2012-11-15,Winter,2012,11,0,Thursday,1,Mist,0.321667,0.324492,0.620417,0.152987,320.0,5125,5445,November
686,2012-11-16,Winter,2012,11,0,Friday,1,Clear,0.345,0.347204,0.524583,0.171025,484.0,5214,5698,November
687,2012-11-17,Winter,2012,11,0,Saturday,0,Clear,0.325,0.326383,0.545417,0.179729,1313.0,4316,5629,November
688,2012-11-18,Winter,2012,11,0,Sunday,0,Clear,0.3425,0.337746,0.692917,0.227612,922.0,3747,4669,November
689,2012-11-19,Winter,2012,11,0,Monday,1,Mist,0.380833,0.375621,0.623333,0.235067,449.0,5050,5499,November
690,2012-11-20,Winter,2012,11,0,Tuesday,1,Mist,0.374167,0.380667,0.685,0.082725,534.0,5100,5634,November
691,2012-11-21,Winter,2012,11,0,Wednesday,1,Clear,0.353333,0.364892,0.61375,0.103246,615.0,4531,5146,November
692,2012-11-22,Winter,2012,11,1,Thursday,0,Clear,0.34,0.350371,0.580417,0.0528708,955.0,1470,2425,November
693,2012-11-23,Winter,2012,11,0,Friday,1,Clear,0.368333,0.378779,0.56875,0.148021,1603.0,2307,3910,November
694,2012-11-24,Winter,2012,11,0,Saturday,0,Clear,0.278333,0.248742,0.404583,0.376871,532.0,1745,2277,November
695,2012-11-25,Winter,2012,11,0,Sunday,0,Clear,0.245833,0.257583,0.468333,0.1505,309.0,2115,2424,November
696,2012-11-26,Winter,2012,11,0,Monday,1,Clear,0.313333,0.339004,0.535417,0.04665,337.0,4750,5087,November
697,2012-11-27,Winter,2012,11,0,Tuesday,1,Mist,0.291667,0.281558,0.786667,0.237562,123.0,3836,3959,November
698,2012-11-28,Winter,2012,11,0,Wednesday,1,Clear,0.296667,0.289762,0.50625,0.210821,198.0,5062,5260,November
699,2012-11-29,Winter,2012,11,0,Thursday,1,Clear,0.28087,0.298422,0.555652,0.115522,243.0,5080,5323,November
700,2012-11-30,Winter,2012,11,0,Friday,1,Clear,0.298333,0.323867,0.649583,0.0584708,362.0,5306,5668,November
701,2012-12-01,Winter,2012,12,0,Saturday,0,Mist,0.298333,0.316904,0.806667,0.0597042,951.0,4240,5191,December
702,2012-12-02,Winter,2012,12,0,Sunday,0,Mist,0.3475,0.359208,0.823333,0.124379,892.0,3757,4649,December
703,2012-12-03,Winter,2012,12,0,Monday,1,Clear,0.4525,0.455796,0.7675,0.0827208,555.0,5679,6234,December
704,2012-12-04,Winter,2012,12,0,Tuesday,1,Clear,0.475833,0.469054,0.73375,0.174129,551.0,6055,6606,December
705,2012-12-05,Winter,2012,12,0,Wednesday,1,Clear,0.438333,0.428012,0.485,0.324021,331.0,5398,5729,December
706,2012-12-06,Winter,2012,12,0,Thursday,1,Clear,0.255833,0.258204,0.50875,0.174754,340.0,5035,5375,December
707,2012-12-07,Winter,2012,12,0,Friday,1,Mist,0.320833,0.321958,0.764167,0.1306,349.0,4659,5008,December
708,2012-12-08,Winter,2012,12,0,Saturday,0,Mist,0.381667,0.389508,0.91125,0.101379,1153.0,4429,5582,December
709,2012-12-09,Winter,2012,12,0,Sunday,0,Mist,0.384167,0.390146,0.905417,0.157975,441.0,2787,3228,December
710,2012-12-10,Winter,2012,12,0,Monday,1,Mist,0.435833,0.435575,0.925,0.190308,329.0,4841,5170,December
711,2012-12-11,Winter,2012,12,0,Tuesday,1,Mist,0.353333,0.338363,0.596667,0.296037,282.0,5219,5501,December
712,2012-12-12,Winter,2012,12,0,Wednesday,1,Mist,0.2975,0.297338,0.538333,0.162937,310.0,5009,5319,December
713,2012-12-13,Winter,2012,12,0,Thursday,1,Clear,0.295833,0.294188,0.485833,0.174129,425.0,5107,5532,December
714,2012-12-14,Winter,2012,12,0,Friday,1,Clear,0.281667,0.294192,0.642917,0.131229,429.0,5182,5611,December
715,2012-12-15,Winter,2012,12,0,Saturday,0,Clear,0.324167,0.338383,0.650417,0.10635,767.0,4280,5047,December
716,2012-12-16,Winter,2012,12,0,Sunday,0,Mist,0.3625,0.369938,0.83875,0.100742,538.0,3248,3786,December
717,2012-12-17,Winter,2012,12,0,Monday,1,Mist,0.393333,0.4015,0.907083,0.0982583,212.0,4373,4585,December
718,2012-12-18,Winter,2012,12,0,Tuesday,1,Clear,0.410833,0.409708,0.66625,0.221404,433.0,5124,5557,December
719,2012-12-19,Winter,2012,12,0,Wednesday,1,Clear,0.3325,0.342162,0.625417,0.184092,333.0,4934,5267,December
720,2012-12-20,Winter,2012,12,0,Thursday,1,Mist,0.33,0.335217,0.667917,0.132463,314.0,3814,4128,December
721,2012-12-21,Springer,2012,12,0,Friday,1,Mist,0.326667,0.301767,0.556667,0.374383,221.0,3402,3623,December
722,2012-12-22,Springer,2012,12,0,Saturday,0,Clear,0.265833,0.236113,0.44125,0.180975,205.0,1544,1749,December
723,2012-12-23,Springer,2012,12,0,Sunday,0,Clear,0.245833,0.259471,0.515417,0.133083,408.0,1379,1787,December
724,2012-12-24,Springer,2012,12,0,Monday,1,Mist,0.231304,0.2589,0.791304,0.0772304,174.0,746,920,December
725,2012-12-25,Springer,2012,12,1,Tuesday,0,Mist,0.291304,0.294465,0.734783,0.168726,440.0,573,1013,December
726,2012-12-26,Springer,2012,12,0,Wednesday,1,Light Snow,0.243333,0.220333,0.823333,0.316546,9.0,432,441,December
727,2012-12-27,Springer,2012,12,0,Thursday,1,Mist,0.254167,0.226642,0.652917,0.350133,247.0,1867,2114,December
728,2012-12-28,Springer,2012,12,0,Friday,1,Mist,0.253333,0.255046,0.59,0.155471,644.0,2451,3095,December
729,2012-12-29,Springer,2012,12,0,Saturday,0,Mist,0.253333,0.2424,0.752917,0.124383,159.0,1182,1341,December
730,2012-12-30,Springer,2012,12,0,Sunday,0,Clear,0.255833,0.2317,0.483333,0.350754,364.0,1432,1796,December
731,2012-12-31,Springer,2012,12,0,Monday,1,Mist,0.215833,0.223487,0.5775,0.154846,439.0,2290,2729,December
